variation_id,gene,label,chrom,pos,ref,alt,am_pathogenicity,cadd_phred,sift_score_inv,polyphen_score,revel
4279056,TP53,pathogenic,17,7675221,A,C,0.1721,24.5,1.0,,0.82
4189264,TP53,pathogenic,17,7675089,C,A,0.9988,25.0,1.0,,0.831
4056245,TP53,pathogenic,17,7675999,T,C,0.9764,23.8,1.0,,0.883
3972460,TP53,pathogenic,17,7674245,A,T,0.965,25.7,1.0,,0.923
3780730,TP53,pathogenic,17,7670702,A,G,0.1631,22.1,1.0,,0.357
3602769,TP53,pathogenic,17,7675172,T,G,0.6169,24.3,1.0,,0.895
3460301,TP53,pathogenic,17,7674954,C,A,0.9845,29.0,1.0,,0.875
3359424,TP53,pathogenic,17,7676091,T,C,0.2035,22.4,0.8200000000000001,0.307,0.454
3328154,TP53,pathogenic,17,7675109,A,C,0.9646,22.3,1.0,,0.526
3148769,TP53,pathogenic,17,7674206,A,C,0.9882,24.6,1.0,,0.942
3147994,TP53,pathogenic,17,7673808,A,T,0.9457,27.1,1.0,,0.972
2827498,TP53,pathogenic,17,7674269,A,T,0.7616,22.3,0.95,,0.84
2768025,TP53,pathogenic,17,7675149,A,C,0.9028,17.19,1.0,,0.581
2758378,TP53,pathogenic,17,7670678,T,G,0.9599,26.1,0.98,,0.858
2757236,TP53,pathogenic,17,7673791,T,G,0.9972,27.7,1.0,,0.846
2748594,TP53,pathogenic,17,7674247,A,T,0.9897,26.4,1.0,,0.943
2683739,TP53,pathogenic,17,7670669,C,G,0.2621,23.1,0.81,,0.329
2671888,TP53,pathogenic,17,7674187,A,C,0.8494,22.7,0.63,,0.691
2627017,TP53,pathogenic,17,7676044,T,A,0.9571,32.0,1.0,,0.837
2578514,TP53,pathogenic,17,7673551,A,T,0.3449,25.5,1.0,,0.874
2575169,TP53,pathogenic,17,7673814,TC,AT,,,0.98,,
2505496,TP53,pathogenic,17,7675118,A,T,0.2476,23.9,1.0,,0.574
2502882,TP53,pathogenic,17,7674244,G,A,0.9618,24.6,1.0,,0.75
2430159,TP53,pathogenic,17,7675214,T,A,0.9651,25.1,1.0,,0.845
1768732,TP53,pathogenic,17,7670714,T,A,0.9958,25.9,1.0,,0.926
1763670,TP53,pathogenic,17,7673770,A,C,0.912,24.9,1.0,,0.569
1761541,TP53,pathogenic,17,7673821,C,G,0.9913,26.8,1.0,,0.946
1759844,TP53,pathogenic,17,7674202,T,C,0.9725,23.7,1.0,,0.954
1754112,TP53,pathogenic,17,7674878,T,A,0.99,27.8,1.0,,0.977
1745525,TP53,pathogenic,17,7675100,A,G,0.9178,25.5,1.0,,0.917
1744933,TP53,pathogenic,17,7675109,A,T,0.7531,21.8,0.98,,0.55
1734755,TP53,pathogenic,17,7675236,T,C,0.9448,26.4,1.0,,0.961
1692473,TP53,pathogenic,17,7675197,A,C,0.772,25.3,0.99,,0.768
1518844,TP53,pathogenic,17,7674212,A,T,0.961,24.8,1.0,,0.962
1517870,TP53,pathogenic,17,7675146,C,G,0.6544,15.67,0.6699999999999999,,0.58
1503185,TP53,pathogenic,17,7674899,C,T,0.974,24.7,0.97,,0.944
1495821,TP53,pathogenic,17,7673728,G,C,0.0727,2.824,0.74,,0.191
1487358,TP53,pathogenic,17,7676047,G,T,0.2214,21.2,1.0,,0.654
1471049,TP53,pathogenic,17,7676245,G,A,0.0804,10.71,0.77,0.01,0.189
1469551,TP53,pathogenic,17,7676032,T,A,0.9262,25.2,1.0,,0.903
1468494,TP53,pathogenic,17,7670646,G,T,0.0786,11.47,0.72,,0.212
1414106,TP53,pathogenic,17,7673797,T,G,0.9926,26.9,1.0,,0.957
1408611,TP53,pathogenic,17,7675127,T,A,0.9882,25.2,1.0,,0.8
1375764,TP53,pathogenic,17,7675199,C,G,0.2073,25.8,0.99,,0.842
1360099,TP53,pathogenic,17,7676010,A,G,0.6345,34.0,1.0,,0.861
1351017,TP53,pathogenic,17,7675172,T,A,0.9858,24.6,1.0,,0.896
1350980,TP53,pathogenic,17,7674909,G,T,0.1067,8.364,0.8,0.91,0.396
1350373,TP53,pathogenic,17,7675163,C,T,0.0817,19.59,0.98,,0.381
1316970,TP53,pathogenic,17,7674215,C,T,0.8246,25.3,1.0,,0.939
1067910,TP53,pathogenic,17,7675140,C,A,0.9981,22.7,1.0,,0.864
1055894,TP53,pathogenic,17,7670684,G,T,0.2837,16.46,0.87,,0.151
1053808,TP53,pathogenic,17,7674891,C,T,0.8018,26.8,1.0,,0.736
1053218,TP53,pathogenic,17,7675200,G,A,0.7817,26.3,0.99,,0.91
1036023,TP53,pathogenic,17,7674908,A,T,0.9529,25.3,1.0,,0.95
1027110,TP53,pathogenic,17,7675178,T,G,0.9863,25.2,1.0,,0.845
1026335,TP53,pathogenic,17,7675136,C,A,0.9985,24.8,1.0,,0.836
1021706,TP53,pathogenic,17,7673745,A,C,0.1465,22.9,0.96,,0.58
1015453,TP53,pathogenic,17,7670682,G,C,0.1047,16.48,0.86,,0.197
1005876,TP53,pathogenic,17,7675148,C,T,0.833,13.73,1.0,,0.597
988615,TP53,pathogenic,17,7675212,T,G,0.9977,25.3,1.0,,0.959
976475,TP53,pathogenic,17,7669650,A,G,0.4454,25.0,1.0,,0.598
975959,TP53,pathogenic,17,7669662,A,C,0.0572,16.72,0.5800000000000001,,0.349
964952,TP53,pathogenic,17,7673770,A,G,0.2587,23.9,1.0,,0.46
962629,TP53,pathogenic,17,7674905,G,A,0.0655,0.827,0.14,,0.453
959232,TP53,pathogenic,17,7674242,T,A,0.9465,24.0,1.0,,0.922
956897,TP53,pathogenic,17,7670679,C,G,0.195,16.97,0.96,,0.261
954095,TP53,pathogenic,17,7673767,G,C,0.9505,24.2,1.0,,0.936
953467,TP53,pathogenic,17,7673826,T,A,0.9799,24.8,1.0,,0.846
953426,TP53,pathogenic,17,7674875,C,G,0.0738,8.656,0.79,0.409,0.362
951459,TP53,pathogenic,17,7674286,G,C,0.2047,23.0,0.94,,0.61
950660,TP53,pathogenic,17,7676187,A,G,0.0683,21.6,0.76,0.001,0.364
949408,TP53,pathogenic,17,7676013,C,G,0.8488,34.0,1.0,,0.856
948225,TP53,pathogenic,17,7675128,A,T,0.7741,22.5,1.0,,0.676
942021,TP53,pathogenic,17,7676109,C,T,0.0909,19.77,0.73,0.017,0.442
934410,TP53,pathogenic,17,7675233,T,C,0.9962,25.3,1.0,,0.957
919580,TP53,pathogenic,17,7674260,A,G,0.8126,25.6,1.0,,0.912
917693,TP53,pathogenic,17,7676010,A,T,0.997,26.0,1.0,,0.92
915695,TP53,pathogenic,17,7675142,T,G,0.9524,23.9,1.0,,0.872
864520,TP53,pathogenic,17,7675187,C,T,0.8091,26.5,1.0,,0.879
856299,TP53,pathogenic,17,7674202,T,A,0.9911,24.6,1.0,,0.962
856171,TP53,pathogenic,17,7675140,C,G,0.9963,23.0,1.0,,0.862
850008,TP53,pathogenic,17,7674268,T,A,0.9876,26.9,1.0,,0.916
848951,TP53,pathogenic,17,7670619,G,T,0.078,9.257,0.43000000000000005,,0.378
840399,TP53,pathogenic,17,7675053,G,A,0.1262,33.0,0.96,,0.649
837688,TP53,pathogenic,17,7674205,C,T,0.9634,23.5,1.0,,0.79
836761,TP53,pathogenic,17,7675097,T,A,0.9749,24.0,1.0,,0.952
827201,TP53,pathogenic,17,7674194,C,G,0.6232,22.3,1.0,,0.896
827132,TP53,pathogenic,17,7674206,A,G,0.5944,21.8,0.92,,0.854
825729,TP53,pathogenic,17,7675070,G,C,0.9881,25.9,1.0,,0.894
824998,TP53,pathogenic,17,7675157,C,G,0.6385,24.4,1.0,,0.853
824351,TP53,pathogenic,17,7675223,T,A,0.916,26.1,1.0,,0.924
824232,TP53,pathogenic,17,7675233,T,A,0.8718,24.1,1.0,,0.924
823709,TP53,pathogenic,17,7676031,T,C,0.9952,25.8,1.0,,0.952
823452,TP53,pathogenic,17,7676041,C,G,0.2211,22.5,0.96,,0.577
823268,TP53,pathogenic,17,7673582,C,T,0.0672,20.9,0.85,,0.441
822501,TP53,pathogenic,17,7676566,T,G,0.1075,16.69,1.0,0.239,0.559
822279,TP53,pathogenic,17,7676077,C,T,0.9911,26.2,1.0,,0.952
820098,TP53,pathogenic,17,7676190,C,T,0.0746,8.373,0.5800000000000001,0.228,0.313
820048,TP53,pathogenic,17,7676193,G,A,0.0775,0.15,0.5800000000000001,0.001,0.358
818331,TP53,pathogenic,17,7676262,C,T,0.0747,7.584,0.69,0.0,0.542
804214,TP53,pathogenic,17,7675184,T,C,0.9245,23.8,1.0,,0.574
665996,TP53,pathogenic,17,7669671,G,T,0.1802,23.4,1.0,,0.605
663876,TP53,pathogenic,17,7676560,C,G,0.15,15.63,0.77,0.915,0.565
662690,TP53,pathogenic,17,7670670,G,A,0.6225,24.4,1.0,,0.648
659457,TP53,pathogenic,17,7674202,T,G,0.9848,24.6,1.0,,0.953
656751,TP53,pathogenic,17,7675232,C,A,0.9839,25.3,1.0,,0.918
651769,TP53,pathogenic,17,7675151,G,T,0.5817,19.37,1.0,,0.754
646925,TP53,pathogenic,17,7670673,G,A,0.3211,26.1,0.99,,0.816
643078,TP53,pathogenic,17,7674890,A,C,0.9774,25.9,1.0,,0.932
641482,TP53,pathogenic,17,7676050,T,G,0.8344,23.5,0.99,,0.893
635392,TP53,pathogenic,17,7675053,G,C,0.6489,31.0,1.0,,0.7
634784,TP53,pathogenic,17,7676043,T,G,0.9844,26.0,1.0,,0.965
634768,TP53,pathogenic,17,7675145,G,C,0.9793,17.56,0.8,,0.609
634757,TP53,pathogenic,17,7674941,T,A,0.9891,26.9,1.0,,0.897
634756,TP53,pathogenic,17,7674268,T,G,0.9826,26.8,1.0,,0.935
634708,TP53,pathogenic,17,7676055,G,T,0.9868,33.0,1.0,,0.919
634690,TP53,pathogenic,17,7676031,T,G,0.9677,25.8,1.0,,0.952
634682,TP53,pathogenic,17,7673803,C,G,0.9981,26.2,1.0,,0.902
634680,TP53,pathogenic,17,7674188,G,T,0.8837,24.8,0.95,,0.737
633445,TP53,pathogenic,17,7673751,G,T,0.9902,23.6,1.0,,0.891
629791,TP53,pathogenic,17,7676052,G,T,0.0984,1.648,0.9,,0.45
627819,TP53,pathogenic,17,7674906,A,G,0.1043,18.76,0.63,,0.635
584922,TP53,pathogenic,17,7674908,A,G,0.9278,25.0,1.0,,0.944
584921,TP53,pathogenic,17,7674245,A,G,0.8955,25.0,1.0,,0.872
583101,TP53,pathogenic,17,7676127,C,T,0.1024,3.714,0.5,0.036,0.305
581024,TP53,pathogenic,17,7673578,A,G,0.0958,12.03,0.5900000000000001,,0.366
580807,TP53,pathogenic,17,7675205,A,C,0.9437,26.2,1.0,,0.964
577458,TP53,pathogenic,17,7669673,A,G,0.0834,21.6,0.79,,0.407
577431,TP53,pathogenic,17,7676158,C,G,0.0509,0.015,0.0,0.0,0.367
575773,TP53,pathogenic,17,7676164,G,A,0.0707,2.914,0.42000000000000004,0.003,0.231
574679,TP53,pathogenic,17,7673806,G,C,0.4268,21.3,0.99,,0.644
572378,TP53,pathogenic,17,7676158,C,T,0.0644,0.111,0.29000000000000004,0.0,0.294
569629,TP53,pathogenic,17,7676253,C,T,0.0864,5.604,0.65,0.003,0.454
567972,TP53,pathogenic,17,7676259,C,T,0.1184,17.01,0.99,0.231,0.544
528270,TP53,pathogenic,17,7675199,C,A,0.9364,26.4,0.99,,0.901
528269,TP53,pathogenic,17,7674197,A,C,0.9887,24.2,1.0,,0.945
528254,TP53,pathogenic,17,7674211,T,A,0.9968,24.5,1.0,,0.927
528249,TP53,pathogenic,17,7674878,T,G,0.9144,28.2,1.0,,0.972
528248,TP53,pathogenic,17,7675139,G,T,0.9902,23.6,1.0,,0.891
528236,TP53,pathogenic,17,7676076,C,T,0.9328,26.3,0.99,,0.943
528235,TP53,pathogenic,17,7674900,A,C,0.5204,24.7,1.0,,0.902
492752,TP53,pathogenic,17,7676051,TC,CG,,,1.0,,
492627,TP53,pathogenic,17,7673575,C,T,0.075,19.36,0.99,,0.358
492575,TP53,pathogenic,17,7676035,G,A,0.1593,18.73,0.63,,0.387
490172,TP53,pathogenic,17,7676591,G,A,0.1541,23.4,0.99,0.548,0.547
486556,TP53,pathogenic,17,7675184,T,G,0.9773,24.5,1.0,,0.692
486555,TP53,pathogenic,17,7673772,G,C,0.9928,27.9,1.0,,0.804
485048,TP53,pathogenic,17,7670624,G,T,0.1189,9.143,0.74,,0.54
485045,TP53,pathogenic,17,7676137,G,A,0.075,7.343,0.6,0.003,0.322
485044,TP53,pathogenic,17,7673795,C,G,0.6232,22.2,0.99,,0.659
485034,TP53,pathogenic,17,7674187,A,T,0.9451,23.4,0.9,,0.742
485030,TP53,pathogenic,17,7675079,A,C,0.9813,26.7,1.0,,0.918
482231,TP53,pathogenic,17,7675142,T,A,0.9992,24.4,1.0,,0.863
482230,TP53,pathogenic,17,7675158,C,T,0.4796,24.0,1.0,,0.863
482223,TP53,pathogenic,17,7675080,C,G,0.9988,25.7,1.0,,0.892
482216,TP53,pathogenic,17,7676125,C,G,0.0505,8.019,0.8200000000000001,0.003,0.367
482214,TP53,pathogenic,17,7674269,A,C,0.396,22.0,0.97,,0.688
481176,TP53,pathogenic,17,7676398,C,T,0.2868,21.8,0.91,0.031,0.639
480953,TP53,pathogenic,17,7675212,T,A,0.9978,25.3,1.0,,0.955
480764,TP53,pathogenic,17,7674226,T,A,0.9922,25.2,1.0,,0.963
480760,TP53,pathogenic,17,7675178,T,A,0.9799,24.8,1.0,,0.846
480751,TP53,pathogenic,17,7675206,C,G,0.7507,26.1,1.0,,0.862
480749,TP53,pathogenic,17,7669658,C,G,0.0805,23.4,0.9299999999999999,,0.498
480743,TP53,pathogenic,17,7675230,C,A,0.0564,0.721,0.0,0.0,0.432
480738,TP53,pathogenic,17,7670705,G,A,0.3027,19.39,0.88,,0.629
480734,TP53,pathogenic,17,7676106,C,T,0.0895,13.82,0.81,0.056,0.51
480733,TP53,pathogenic,17,7676094,C,T,0.186,24.5,1.0,0.069,0.487
458575,TP53,pathogenic,17,7673603,C,T,0.9845,26.2,0.99,,0.877
458574,TP53,pathogenic,17,7673703,G,A,0.4184,26.2,0.97,,0.764
458568,TP53,pathogenic,17,7673785,G,C,0.1291,14.94,0.8200000000000001,,0.151
458567,TP53,pathogenic,17,7673790,G,T,0.9996,32.0,1.0,,0.958
458562,TP53,pathogenic,17,7674193,T,C,0.9993,25.7,1.0,,0.933
458560,TP53,pathogenic,17,7674232,G,C,0.1727,17.47,0.48,,0.457
458547,TP53,pathogenic,17,7675082,C,G,0.9661,27.3,0.98,,0.893
458545,TP53,pathogenic,17,7675136,C,T,0.6808,24.1,1.0,,0.774
458543,TP53,pathogenic,17,7675224,C,G,0.4003,24.7,1.0,,0.887
458541,TP53,pathogenic,17,7675235,A,G,0.8716,27.2,1.0,,0.981
458535,TP53,pathogenic,17,7676047,G,C,0.3172,20.3,0.96,,0.724
458531,TP53,pathogenic,17,7676569,G,A,0.0793,1.223,0.72,0.015,0.367
458528,TP53,pathogenic,17,7676140,C,A,0.0642,1.016,0.6699999999999999,0.0,0.305
458516,TP53,pathogenic,17,7670624,G,A,0.4728,21.6,0.9,,0.729
458515,TP53,pathogenic,17,7670625,A,T,0.0761,18.53,0.81,,0.444
451799,TP53,pathogenic,17,7674935,G,T,0.9687,27.2,1.0,,0.899
449512,TP53,pathogenic,17,7674239,T,C,0.9994,25.8,1.0,,0.966
444396,TP53,pathogenic,17,7675134,A,G,0.2649,19.06,0.81,,0.689
439320,TP53,pathogenic,17,7674211,T,C,0.9767,23.8,1.0,,0.922
428909,TP53,pathogenic,17,7675098,G,T,0.9499,21.6,1.0,,0.917
428902,TP53,pathogenic,17,7675220,A,T,0.9111,25.5,0.99,,0.939
428893,TP53,pathogenic,17,7673794,G,C,0.9913,27.9,1.0,,0.949
428889,TP53,pathogenic,17,7673835,G,T,0.9878,25.5,1.0,,0.929
428887,TP53,pathogenic,17,7675142,T,C,0.9464,23.2,1.0,,0.848
428886,TP53,pathogenic,17,7674226,T,C,0.9983,24.4,1.0,,0.956
428884,TP53,pathogenic,17,7676056,G,A,0.9562,21.4,0.9299999999999999,,0.883
428876,TP53,pathogenic,17,7670709,G,T,0.9851,25.9,1.0,,0.948
428873,TP53,pathogenic,17,7675223,T,C,0.9844,26.3,1.0,,0.927
428871,TP53,pathogenic,17,7675236,T,A,0.9806,27.1,1.0,,0.965
428867,TP53,pathogenic,17,7673820,AG,CC,,,1.0,,
428866,TP53,pathogenic,17,7675109,A,G,0.8669,21.2,1.0,,0.562
428863,TP53,pathogenic,17,7675170,G,T,0.208,17.43,0.99,,0.531
428862,TP53,pathogenic,17,7673737,C,T,0.0667,1.837,0.63,,0.308
423970,TP53,pathogenic,17,7676043,T,C,0.9989,26.5,1.0,,0.952
423398,TP53,pathogenic,17,7670696,T,C,0.9819,18.18,1.0,,0.61
423255,TP53,pathogenic,17,7676011,A,C,0.9942,25.1,1.0,,0.899
422725,TP53,pathogenic,17,7670669,C,T,0.6011,24.4,1.0,,0.774
422563,TP53,pathogenic,17,7675155,C,T,0.0929,11.21,0.9299999999999999,,0.359
422532,TP53,pathogenic,17,7674971,G,A,0.4916,22.7,0.89,,0.625
422295,TP53,pathogenic,17,7675130,C,A,0.9987,26.3,1.0,,0.908
421804,TP53,pathogenic,17,7673791,T,C,0.9996,28.0,1.0,,0.889
421546,TP53,pathogenic,17,7675080,C,A,0.9457,24.4,1.0,,0.722
421319,TP53,pathogenic,17,7673536,A,G,0.1357,26.2,0.97,,0.592
420974,TP53,pathogenic,17,7673736,C,T,0.0678,14.94,0.84,,0.337
420137,TP53,pathogenic,17,7674278,T,C,0.5548,25.2,0.98,,0.754
420136,TP53,pathogenic,17,7674214,C,T,0.9135,26.5,1.0,,0.962
420133,TP53,pathogenic,17,7673767,G,A,0.9737,27.9,1.0,,0.91
419837,TP53,pathogenic,17,7676016,C,T,0.7032,25.3,1.0,,0.897
419524,TP53,pathogenic,17,7674253,T,G,0.9494,33.0,1.0,,0.948
419454,TP53,pathogenic,17,7673784,G,A,0.9986,26.2,1.0,,0.907
419040,TP53,pathogenic,17,7674277,G,A,0.1447,19.22,0.69,,0.389
418517,TP53,pathogenic,17,7674962,C,T,0.5469,24.6,1.0,,0.771
406608,TP53,pathogenic,17,7676230,C,A,0.0672,9.126,0.31000000000000005,0.02,0.537
406605,TP53,pathogenic,17,7674203,A,G,0.1871,22.6,1.0,,0.78
406604,TP53,pathogenic,17,7676558,C,T,0.2337,22.6,0.96,0.999,0.723
406598,TP53,pathogenic,17,7674216,CG,TC,,,0.99,,
406597,TP53,pathogenic,17,7676040,G,T,0.2152,14.83,0.92,,0.632
406590,TP53,pathogenic,17,7674190,A,G,0.9859,26.1,1.0,,0.952
406588,TP53,pathogenic,17,7674903,A,T,0.1341,16.5,0.9299999999999999,,0.48
406583,TP53,pathogenic,17,7675082,C,T,0.9256,27.4,0.99,,0.865
406582,TP53,pathogenic,17,7676584,C,G,0.0932,15.76,0.99,0.163,0.533
406574,TP53,pathogenic,17,7676056,G,C,0.9962,23.3,1.0,,0.918
406567,TP53,pathogenic,17,7674236,A,G,0.6734,23.2,1.0,,0.705
406566,TP53,pathogenic,17,7673809,G,A,0.9532,28.1,0.98,,0.935
406564,TP53,pathogenic,17,7675148,C,A,0.7722,12.82,0.99,,0.548
389644,TP53,pathogenic,17,7676044,T,G,0.9749,24.6,1.0,,0.875
376694,TP53,pathogenic,17,7674257,T,A,0.9869,26.3,1.0,,0.837
376693,TP53,pathogenic,17,7674256,A,G,0.9599,22.2,1.0,,0.811
376692,TP53,pathogenic,17,7674263,T,A,0.9909,26.0,1.0,,0.941
376691,TP53,pathogenic,17,7674263,T,C,0.9891,25.5,1.0,,0.89
376690,TP53,pathogenic,17,7674262,A,C,0.9852,24.7,1.0,,0.936
376689,TP53,pathogenic,17,7674873,T,G,0.9974,27.0,1.0,,0.934
376688,TP53,pathogenic,17,7674873,T,A,0.9869,26.0,1.0,,0.91
376687,TP53,pathogenic,17,7674873,T,C,0.9633,25.5,1.0,,0.909
376686,TP53,pathogenic,17,7674918,T,G,0.9971,25.9,1.0,,0.925
376685,TP53,pathogenic,17,7674918,T,C,0.9986,25.0,1.0,,0.9
376684,TP53,pathogenic,17,7674918,T,A,0.9856,25.4,1.0,,0.897
376681,TP53,pathogenic,17,7674917,A,G,0.9974,25.2,1.0,,0.873
376680,TP53,pathogenic,17,7675125,T,C,0.9929,24.6,1.0,,0.904
376679,TP53,pathogenic,17,7675125,T,A,0.9958,24.8,1.0,,0.907
376678,TP53,pathogenic,17,7673800,G,C,0.967,15.9,1.0,,0.63
376677,TP53,pathogenic,17,7673799,T,C,0.9908,24.5,1.0,,0.847
376676,TP53,pathogenic,17,7673799,T,G,0.989,25.3,1.0,,0.865
376675,TP53,pathogenic,17,7673799,T,A,0.9991,25.9,1.0,,0.889
376674,TP53,pathogenic,17,7673800,G,T,0.9915,17.42,0.97,,0.773
376673,TP53,pathogenic,17,7673805,T,A,0.9937,25.0,1.0,,0.806
376672,TP53,pathogenic,17,7674884,T,A,0.9979,29.7,1.0,,0.982
376671,TP53,pathogenic,17,7674884,T,G,0.9564,27.4,1.0,,0.98
376669,TP53,pathogenic,17,7675094,T,A,0.9987,25.1,1.0,,0.749
376667,TP53,pathogenic,17,7675995,C,G,0.9823,29.4,0.99,,0.963
376666,TP53,pathogenic,17,7675996,A,C,0.9855,27.5,1.0,,0.945
4758197,TP53,benign,17,7676146,C,T,0.0698,0.531,0.27,0.003,0.462
4757808,TP53,benign,17,7673760,A,G,0.1655,24.4,0.95,,0.626
4532980,TP53,benign,17,7676139,C,T,0.0827,14.02,0.83,0.0,0.257
4189271,TP53,benign,17,7676133,C,T,0.0823,12.56,0.64,0.042,0.399
4189264,TP53,benign,17,7675089,C,A,0.9988,25.0,1.0,,0.831
4189263,TP53,benign,17,7670715,A,C,0.742,22.4,0.98,,0.743
4189261,TP53,benign,17,7676086,T,A,0.208,23.5,0.96,,0.584
4189250,TP53,benign,17,7670660,T,G,0.0866,16.61,0.52,,0.503
3972456,TP53,benign,17,7676533,A,C,0.1463,22.1,0.9,0.526,0.765
3972449,TP53,benign,17,7669659,T,A,0.0823,20.2,0.84,,0.497
3972448,TP53,benign,17,7676122,G,C,0.0898,11.89,0.85,0.255,0.38
3906024,TP53,benign,17,7675205,A,T,0.7798,26.0,1.0,,0.959
3898631,TP53,benign,17,7676122,G,T,0.0886,7.159,0.39,0.005,0.299
3809683,TP53,benign,17,7676184,A,G,0.0852,11.33,0.92,0.003,0.29
3809674,TP53,benign,17,7675997,C,G,0.7055,24.0,0.99,,0.537
3809673,TP53,benign,17,7675116,T,A,0.8718,24.1,1.0,,0.924
3708635,TP53,benign,17,7674182,TC,CG,,,0.88,,
3634426,TP53,benign,17,7673809,G,C,0.7442,31.0,1.0,,0.924
3460339,TP53,benign,17,7674896,T,C,0.3508,22.2,0.6,,0.554
3460336,TP53,benign,17,7670642,G,A,0.0689,7.817,0.37,,0.174
3460333,TP53,benign,17,7676142,C,G,0.0887,5.989,0.6,0.001,0.197
3460325,TP53,benign,17,7673800,G,A,0.0913,9.486,0.75,,0.367
3460312,TP53,benign,17,7676151,T,A,0.0808,1.442,0.0,0.0,0.387
3460308,TP53,benign,17,7676089,T,G,0.1502,19.4,0.79,0.356,0.476
3460300,TP53,benign,17,7676239,A,G,0.0811,1.064,0.6599999999999999,0.005,0.296
3359424,TP53,benign,17,7676091,T,C,0.2035,22.4,0.8200000000000001,0.307,0.454
3340041,TP53,benign,17,7673736,C,A,0.0754,15.0,0.9299999999999999,,0.258
3328171,TP53,benign,17,7670648,A,C,0.1367,15.67,0.74,,0.293
3328169,TP53,benign,17,7673572,A,C,0.3128,23.4,0.97,,0.855
3328162,TP53,benign,17,7673715,G,C,0.0807,17.74,0.91,,0.314
3328160,TP53,benign,17,7670705,G,T,0.7353,20.7,0.99,,0.775
3328150,TP53,benign,17,7675065,T,C,0.1431,17.68,0.8,,0.457
3242231,TP53,benign,17,7674200,A,G,0.0931,16.03,0.24,,0.498
3232058,TP53,benign,17,7674902,A,G,0.0892,14.7,0.8,,0.262
3232049,TP53,benign,17,7669620,G,A,0.1717,24.7,0.97,,0.455
3232047,TP53,benign,17,7670648,A,T,0.0731,15.43,0.64,,0.186
2969522,TP53,benign,17,7674912,G,A,0.267,22.4,0.91,,0.406
2809879,TP53,benign,17,7673701,G,A,0.0765,20.9,0.8,,0.371
2795844,TP53,benign,17,7676226,A,G,0.0681,8.494,0.76,0.049,0.264
2780373,TP53,benign,17,7675079,A,G,0.9907,24.7,1.0,,0.882
2774652,TP53,benign,17,7675179,C,G,0.1076,17.41,0.62,,0.462
2683739,TP53,benign,17,7670669,C,G,0.2621,23.1,0.81,,0.329
2627017,TP53,benign,17,7676044,T,A,0.9571,32.0,1.0,,0.837
2585882,TP53,benign,17,7669632,A,C,0.1021,23.2,0.97,,0.462
2578516,TP53,benign,17,7673558,G,A,0.1291,23.6,0.96,,0.665
2575177,TP53,benign,17,7673815,C,G,0.0758,20.7,0.99,,0.482
2575170,TP53,benign,17,7673576,C,T,0.0772,16.74,0.77,,0.302
2450759,TP53,benign,17,7674281,G,T,0.3148,28.7,1.0,,0.849
2450754,TP53,benign,17,7670703,G,C,0.1258,14.27,0.42000000000000004,,0.458
2450750,TP53,benign,17,7673590,G,A,0.0786,18.54,0.88,,0.345
2450740,TP53,benign,17,7676584,C,A,0.0795,12.84,0.9,0.007,0.582
2113149,TP53,benign,17,7673813,TC,CG,,,0.9,,
2036477,TP53,benign,17,7673724,T,C,0.054,4.35,0.7,,0.338
2026528,TP53,benign,17,7676554,T,A,0.5712,23.4,1.0,0.996,0.732
1909172,TP53,benign,17,7675137,G,A,0.4315,21.9,0.87,,0.715
1798385,TP53,benign,17,7669668,C,A,0.0847,22.1,0.33999999999999997,,0.339
1797938,TP53,benign,17,7669670,G,T,0.1096,21.6,0.99,,0.612
1796426,TP53,benign,17,7676088,C,T,0.418,26.2,1.0,0.839,0.553
1793227,TP53,benign,17,7676113,G,C,0.0816,2.102,0.6799999999999999,0.006,0.473
1792511,TP53,benign,17,7676118,C,T,0.0832,15.96,0.69,0.007,0.438
1790705,TP53,benign,17,7676572,C,G,0.0823,12.45,0.44999999999999996,0.374,0.467
1787901,TP53,benign,17,7676148,C,G,0.0907,2.964,0.6699999999999999,0.003,0.183
1783578,TP53,benign,17,7676173,A,G,0.0722,0.012,0.06000000000000005,0.0,0.251
1781085,TP53,benign,17,7670646,G,A,0.0737,13.62,0.84,,0.241
1778944,TP53,benign,17,7676197,C,G,0.0571,0.518,0.06000000000000005,0.005,0.319
1778520,TP53,benign,17,7676199,A,T,0.0902,1.616,0.88,0.024,0.473
1775891,TP53,benign,17,7676211,G,T,0.1873,11.43,0.6799999999999999,0.003,0.343
1767161,TP53,benign,17,7676384,C,G,0.0781,19.94,0.8200000000000001,0.029,0.401
1766672,TP53,benign,17,7673593,C,A,0.0882,20.7,0.98,,0.455
1766454,TP53,benign,17,7673599,A,G,0.059,8.016,0.4,,0.352
1765377,TP53,benign,17,7673721,C,T,0.0698,19.64,0.95,,0.499
1759470,TP53,benign,17,7674209,C,G,0.0882,19.84,0.97,,0.607
1759315,TP53,benign,17,7674212,A,G,0.3679,23.5,0.98,,0.856
1752332,TP53,benign,17,7674909,G,A,0.0733,12.76,0.87,0.062,0.235
1741120,TP53,benign,17,7669614,G,T,0.5696,24.0,1.0,,0.646
1737291,TP53,benign,17,7669629,G,C,0.1146,22.9,0.99,,0.493
1735669,TP53,benign,17,7675226,C,A,0.0679,0.41,0.0,,0.553
1735038,TP53,benign,17,7676558,C,G,0.1328,22.2,0.97,0.996,0.641
1730178,TP53,benign,17,7676038,C,G,0.1396,14.38,0.94,,0.456
1718564,TP53,benign,17,7675229,C,G,0.1368,23.1,1.0,,0.56
1718262,TP53,benign,17,7676140,C,G,0.0525,0.593,0.6799999999999999,0.0,0.31
1697592,TP53,benign,17,7673593,C,T,0.1039,21.4,0.99,,0.52
1692473,TP53,benign,17,7675197,A,C,0.772,25.3,0.99,,0.768
4801618,MLH1,pathogenic,3,36996645,A,T,0.1052,27.1,1.0,0.653,0.926
4686835,MLH1,pathogenic,3,37028792,A,T,0.0655,5.456,0.61,0.0,0.532
4686412,MLH1,pathogenic,3,37020360,A,G,0.2604,21.9,0.89,0.249,0.681
4683074,MLH1,pathogenic,3,36993630,C,G,0.9971,33.0,1.0,1.0,0.844
4650177,MLH1,pathogenic,3,37014533,T,C,0.9926,28.9,1.0,0.997,0.959
4108561,MLH1,pathogenic,3,37006998,T,A,0.9854,29.0,1.0,0.999,0.862
4082317,MLH1,pathogenic,3,36993600,G,T,0.9337,32.0,1.0,0.809,0.848
4056291,MLH1,pathogenic,3,37048925,G,A,0.8503,32.0,1.0,1.0,0.924
3891673,MLH1,pathogenic,3,37048934,G,C,0.0876,20.1,0.94,0.001,0.419
3873415,MLH1,pathogenic,3,37006999,A,C,0.9739,28.6,1.0,0.999,0.885
3774392,MLH1,pathogenic,3,37000995,G,T,0.9987,32.0,1.0,1.0,0.907
3772828,MLH1,pathogenic,3,37025958,G,C,0.1413,18.91,0.47,0.011,0.541
3718599,MLH1,pathogenic,3,37001001,T,C,0.9991,31.0,1.0,1.0,0.958
3708149,MLH1,pathogenic,3,37042284,C,G,0.1322,24.7,0.89,0.848,0.84
3640105,MLH1,pathogenic,3,37001052,A,G,0.9979,34.0,1.0,1.0,0.972
3635666,MLH1,pathogenic,3,37050627,T,G,0.9764,29.4,1.0,0.998,0.958
3635657,MLH1,pathogenic,3,37040275,C,T,0.2531,21.7,0.92,0.05,0.666
3635646,MLH1,pathogenic,3,37025643,C,A,0.9951,27.6,1.0,0.964,0.711
3589156,MLH1,pathogenic,3,37050550,C,T,0.1654,25.7,0.99,0.711,0.886
3589154,MLH1,pathogenic,3,37025695,T,C,0.0594,8.919,0.73,0.001,0.527
3589151,MLH1,pathogenic,3,37004425,G,T,0.9854,32.0,1.0,0.998,0.908
3589150,MLH1,pathogenic,3,36993599,C,A,0.9951,32.0,1.0,0.992,0.822
3396532,MLH1,pathogenic,3,36993632,G,C,0.8241,33.0,1.0,0.689,0.864
3373689,MLH1,pathogenic,3,37050498,G,A,0.0713,16.59,0.52,0.012,0.455
3372628,MLH1,pathogenic,3,37050510,A,T,0.1971,13.5,1.0,0.007,0.508
3367912,MLH1,pathogenic,3,37025655,G,C,0.0921,15.07,0.71,0.0,0.554
3295050,MLH1,pathogenic,3,36996653,G,A,0.0782,18.54,0.85,0.111,0.442
3241950,MLH1,pathogenic,3,37012062,G,A,0.285,24.0,0.94,0.33,0.618
3241949,MLH1,pathogenic,3,36993633,C,T,0.1925,31.0,0.97,0.823,0.803
3241948,MLH1,pathogenic,3,37000962,A,T,0.9648,29.4,1.0,1.0,0.96
3241945,MLH1,pathogenic,3,37014479,T,G,0.9612,24.5,1.0,0.402,0.881
3241942,MLH1,pathogenic,3,37008868,C,G,0.0621,25.4,0.96,0.664,0.577
3230786,MLH1,pathogenic,3,37008874,G,A,0.9899,33.0,0.99,0.934,0.876
3230775,MLH1,pathogenic,3,37050640,T,C,0.9972,27.1,1.0,1.0,0.978
3230742,MLH1,pathogenic,3,37025650,G,A,0.1911,23.1,0.99,0.012,0.565
3066141,MLH1,pathogenic,3,37025728,A,G,0.082,23.5,0.98,0.29,0.538
2975847,MLH1,pathogenic,3,37048604,A,G,0.5462,25.0,0.98,0.573,0.863
2858923,MLH1,pathogenic,3,37048961,T,G,0.8303,26.3,1.0,0.992,0.929
2858161,MLH1,pathogenic,3,36993609,C,G,0.9708,34.0,1.0,0.994,0.868
2838582,MLH1,pathogenic,3,37047651,T,G,0.1273,14.39,0.94,0.011,0.583
2820507,MLH1,pathogenic,3,37042315,G,T,0.856,27.8,1.0,0.924,0.936
2772302,MLH1,pathogenic,3,37000997,A,C,0.9947,28.5,1.0,1.0,0.932
2767851,MLH1,pathogenic,3,37001045,C,G,0.9982,31.0,1.0,1.0,0.833
2763602,MLH1,pathogenic,3,37020341,A,G,0.9973,28.5,1.0,1.0,0.942
2757087,MLH1,pathogenic,3,37020348,A,G,0.9991,27.9,1.0,1.0,0.947
2691728,MLH1,pathogenic,3,37025638,C,T,0.6886,25.9,1.0,0.095,0.665
2676589,MLH1,pathogenic,3,37025746,T,G,0.3668,25.0,1.0,0.522,0.811
2676584,MLH1,pathogenic,3,37020365,G,A,0.4828,27.6,1.0,1.0,0.642
2676582,MLH1,pathogenic,3,37004467,G,A,0.9231,29.7,1.0,0.999,0.842
2676581,MLH1,pathogenic,3,37047625,A,G,0.0659,8.956,0.5700000000000001,0.035,0.597
2676580,MLH1,pathogenic,3,37007020,C,G,0.0601,16.36,0.18999999999999995,0.031,0.433
2676578,MLH1,pathogenic,3,37020398,C,G,0.419,23.5,0.99,0.145,0.662
2676577,MLH1,pathogenic,3,37047681,G,A,0.0599,16.98,0.71,0.0,0.491
2673885,MLH1,pathogenic,3,37011851,T,C,0.905,24.7,1.0,0.745,0.881
2673558,MLH1,pathogenic,3,36993648,A,C,0.9971,33.0,1.0,0.997,0.954
2566509,MLH1,pathogenic,3,37020357,A,T,0.9983,30.0,1.0,1.0,0.935
2431569,MLH1,pathogenic,3,37047552,G,C,0.3137,7.136,0.9,0.009,0.464
2203331,MLH1,pathogenic,3,37040290,C,G,0.1404,33.0,0.97,0.544,0.703
2133431,MLH1,pathogenic,3,37050647,CG,TC,,,0.97,0.854,
2062749,MLH1,pathogenic,3,37047661,A,C,0.8848,26.8,1.0,1.0,0.962
2049560,MLH1,pathogenic,3,37001015,G,A,0.8078,32.0,1.0,1.0,0.843
2033547,MLH1,pathogenic,3,37028890,G,A,0.0731,12.53,0.5800000000000001,0.003,0.407
2021902,MLH1,pathogenic,3,37000985,T,A,0.9989,28.3,1.0,0.998,0.933
1810565,MLH1,pathogenic,3,37014439,A,C,0.5338,25.9,0.99,0.966,0.85
1801693,MLH1,pathogenic,3,37020348,A,T,0.9669,28.8,1.0,1.0,0.953
1790197,MLH1,pathogenic,3,37025692,G,A,0.071,4.551,0.4,0.0,0.321
1789251,MLH1,pathogenic,3,36993569,A,T,0.9699,31.0,1.0,0.999,0.944
1784706,MLH1,pathogenic,3,37048943,A,G,0.0798,22.2,0.92,0.018,0.315
1784677,MLH1,pathogenic,3,37048941,T,G,0.9321,26.7,1.0,0.661,0.904
1783088,MLH1,pathogenic,3,37048563,C,A,0.9972,28.1,1.0,1.0,0.943
1783072,MLH1,pathogenic,3,37048562,C,A,0.2026,22.5,0.9,0.921,0.527
1783039,MLH1,pathogenic,3,36996695,G,T,0.9948,33.0,1.0,1.0,0.986
1782973,MLH1,pathogenic,3,37048556,T,G,0.8608,26.2,1.0,1.0,0.921
1781980,MLH1,pathogenic,3,37047673,A,G,0.0996,25.7,0.98,0.745,0.697
1781556,MLH1,pathogenic,3,37047651,C,T,0.5845,26.2,1.0,0.971,0.79
1780376,MLH1,pathogenic,3,36993564,G,T,0.6417,31.0,1.0,0.939,0.666
1779284,MLH1,pathogenic,3,37047532,T,A,0.9616,26.8,1.0,1.0,0.948
1776675,MLH1,pathogenic,3,37040252,A,C,0.9911,26.4,1.0,1.0,0.915
1776480,MLH1,pathogenic,3,37040242,G,C,0.9932,27.6,0.99,0.894,0.724
1768572,MLH1,pathogenic,3,37020415,C,G,0.108,0.049,0.99,0.208,0.669
1766905,MLH1,pathogenic,3,37020366,T,C,0.9857,27.9,1.0,1.0,0.931
1765840,MLH1,pathogenic,3,37020335,G,A,0.9827,32.0,1.0,1.0,0.949
1758254,MLH1,pathogenic,3,37014484,G,C,0.9969,27.0,1.0,0.421,0.873
1752818,MLH1,pathogenic,3,36996623,G,T,0.987,33.0,1.0,1.0,0.94
1736149,MLH1,pathogenic,3,37025757,G,A,0.3884,28.6,0.95,0.989,0.683
4689888,MLH1,benign,3,36993600,G,C,0.9996,34.0,1.0,0.996,0.885
4686835,MLH1,benign,3,37028792,A,T,0.0655,5.456,0.61,0.0,0.532
4686412,MLH1,benign,3,37020360,A,G,0.2604,21.9,0.89,0.249,0.681
4685801,MLH1,benign,3,37025664,T,C,0.0876,21.6,0.9,0.005,0.486
4539416,MLH1,benign,3,37047540,C,A,0.2155,25.7,0.99,0.864,0.704
4108553,MLH1,benign,3,37025973,T,G,0.066,18.6,0.31999999999999995,0.009,0.304
3772828,MLH1,benign,3,37025958,G,C,0.1413,18.91,0.47,0.011,0.541
3765371,MLH1,benign,3,37028927,A,C,0.4291,24.0,1.0,0.767,0.768
3635663,MLH1,benign,3,37048586,T,A,0.8981,26.6,1.0,0.951,0.798
3572013,MLH1,benign,3,37008824,T,A,0.9921,29.3,1.0,0.998,0.857
3572010,MLH1,benign,3,37048565,C,G,0.0713,16.48,0.4,0.022,0.399
3373689,MLH1,benign,3,37050498,G,A,0.0713,16.59,0.52,0.012,0.455
3372628,MLH1,benign,3,37050510,A,T,0.1971,13.5,1.0,0.007,0.508
3367912,MLH1,benign,3,37025655,G,C,0.0921,15.07,0.71,0.0,0.554
3241942,MLH1,benign,3,37008868,C,G,0.0621,25.4,0.96,0.664,0.577
3230742,MLH1,benign,3,37025650,G,A,0.1911,23.1,0.99,0.012,0.565
2811908,MLH1,benign,3,37000956,A,G,0.0633,19.87,0.8200000000000001,0.046,0.518
2809560,MLH1,benign,3,37050487,G,A,0.0724,12.7,0.88,0.001,0.471
2689431,MLH1,benign,3,37012026,G,A,0.067,22.7,0.91,0.184,0.531
2682006,MLH1,benign,3,37012057,C,A,0.1933,23.4,1.0,0.267,0.681
2682005,MLH1,benign,3,36993570,T,C,0.9955,31.0,1.0,0.998,0.925
2682004,MLH1,benign,3,37025778,G,A,0.3818,27.6,0.99,0.552,0.554
2428711,MLH1,benign,3,37012074,T,A,0.9916,30.0,1.0,0.987,0.892
2203331,MLH1,benign,3,37040290,C,G,0.1404,33.0,0.97,0.544,0.703
2100376,MLH1,benign,3,37011839,G,C,0.2504,25.6,0.96,0.444,0.798
2049560,MLH1,benign,3,37001015,G,A,0.8078,32.0,1.0,1.0,0.843
4799771,MSH2,pathogenic,2,47478288,T,A,0.5828,26.4,1.0,0.997,0.937
4279063,MSH2,pathogenic,2,47416402,T,A,0.9088,26.8,1.0,1.0,0.961
4056256,MSH2,pathogenic,2,47410352,G,T,0.4941,27.1,0.99,0.975,0.899
4056234,MSH2,pathogenic,2,47478443,T,G,0.1266,18.61,0.94,0.598,0.667
3891719,MSH2,pathogenic,2,47476438,T,G,0.6317,28.6,0.99,0.798,0.786
3891718,MSH2,pathogenic,2,47475121,A,C,0.2924,26.1,1.0,0.778,0.748
3779905,MSH2,pathogenic,2,47482848,G,C,0.9992,32.0,1.0,0.997,0.955
3632345,MSH2,pathogenic,2,47445590,T,A,0.7897,27.1,1.0,0.986,0.878
3586716,MSH2,pathogenic,2,47478274,A,T,0.1026,20.6,0.97,0.381,0.753
3586714,MSH2,pathogenic,2,47403301,T,G,0.9777,32.0,1.0,0.989,0.874
3387048,MSH2,pathogenic,2,47414405,T,A,0.9958,25.9,1.0,1.0,0.981
3368485,MSH2,pathogenic,2,47480756,T,A,0.3665,21.5,0.98,0.384,0.716
3368098,MSH2,pathogenic,2,47475037,C,G,0.9212,24.8,0.97,0.161,0.739
3363506,MSH2,pathogenic,2,47403280,C,A,0.3089,27.7,0.99,0.822,0.766
3239761,MSH2,pathogenic,2,47475209,A,G,0.0997,16.0,0.94,0.027,0.568
3239759,MSH2,pathogenic,2,47429921,A,G,0.0792,13.21,0.92,0.003,0.524
3239758,MSH2,pathogenic,2,47445553,C,T,0.067,20.5,0.81,0.053,0.494
3239755,MSH2,pathogenic,2,47466670,G,A,0.69,26.6,0.99,0.839,0.65
3230837,MSH2,pathogenic,2,47480777,A,C,0.8549,27.4,1.0,0.995,0.893
3230831,MSH2,pathogenic,2,47476448,C,A,0.9905,29.7,1.0,1.0,0.889
3230829,MSH2,pathogenic,2,47476429,C,G,0.5226,27.9,1.0,0.977,0.87
3074943,MSH2,pathogenic,2,47414384,A,G,0.947,28.1,0.98,1.0,0.984
3071763,MSH2,pathogenic,2,47403292,T,G,0.9044,27.3,1.0,0.947,0.875
3069674,MSH2,pathogenic,2,47476409,G,C,0.2442,25.0,0.9,0.98,0.75
3065347,MSH2,pathogenic,2,47403402,G,A,0.5235,36.0,1.0,0.079,0.733
2843461,MSH2,pathogenic,2,47410214,G,A,0.0764,19.85,0.9,0.221,0.516
2823716,MSH2,pathogenic,2,47410209,T,G,0.8137,28.0,1.0,0.986,0.944
2820975,MSH2,pathogenic,2,47410299,T,C,0.9909,29.8,1.0,0.807,0.961
2773618,MSH2,pathogenic,2,47478441,A,G,0.175,24.8,0.98,0.972,0.672
2676720,MSH2,pathogenic,2,47403349,C,T,0.2109,23.9,0.8200000000000001,0.306,0.583
2676717,MSH2,pathogenic,2,47480810,G,C,0.9247,29.5,1.0,1.0,0.899
2676716,MSH2,pathogenic,2,47410284,A,C,0.2779,25.7,1.0,0.991,0.739
2676714,MSH2,pathogenic,2,47478373,C,A,0.9721,27.1,0.99,0.982,0.916
2676713,MSH2,pathogenic,2,47470999,A,C,0.2309,18.99,0.71,0.027,0.407
2676712,MSH2,pathogenic,2,47463040,C,G,0.9474,23.8,0.5700000000000001,0.979,0.776
2676711,MSH2,pathogenic,2,47412420,C,A,0.1253,21.6,0.87,0.005,0.442
2676710,MSH2,pathogenic,2,47463071,C,G,0.4389,25.9,0.95,0.893,0.803
2676708,MSH2,pathogenic,2,47480725,G,T,0.9893,34.0,1.0,0.998,0.941
2676706,MSH2,pathogenic,2,47478319,G,T,0.9991,29.8,1.0,1.0,0.985
2674583,MSH2,pathogenic,2,47414285,T,G,0.8127,25.6,1.0,0.996,0.864
2674579,MSH2,pathogenic,2,47478307,A,G,0.0966,22.1,0.83,0.009,0.546
2674578,MSH2,pathogenic,2,47476555,A,C,0.9919,29.9,1.0,0.999,0.892
2674577,MSH2,pathogenic,2,47476448,C,G,0.9926,30.0,1.0,1.0,0.911
2674575,MSH2,pathogenic,2,47416342,T,G,0.9348,27.8,1.0,0.99,0.913
2673297,MSH2,pathogenic,2,47475076,C,A,0.9906,28.9,1.0,0.975,0.914
2663253,MSH2,pathogenic,2,47471055,T,G,0.968,23.5,1.0,0.981,0.815
2587534,MSH2,pathogenic,2,47408461,A,C,0.8392,26.3,1.0,0.831,0.555
2574794,MSH2,pathogenic,2,47429809,A,G,0.2311,19.05,0.95,0.023,0.553
2567754,MSH2,pathogenic,2,47410319,G,A,0.9965,32.0,1.0,1.0,0.96
2561335,MSH2,pathogenic,2,47416356,A,C,0.9556,26.6,1.0,0.997,0.981
2561334,MSH2,pathogenic,2,47416399,C,A,0.9964,26.7,1.0,1.0,0.98
2501649,MSH2,pathogenic,2,47480767,G,A,0.9563,31.0,1.0,1.0,0.911
2500531,MSH2,pathogenic,2,47408496,T,G,0.9971,28.0,1.0,0.999,0.877
2453498,MSH2,pathogenic,2,47429873,A,G,0.9844,35.0,1.0,0.985,0.906
2453475,MSH2,pathogenic,2,47476452,T,G,0.9988,21.2,1.0,1.0,0.765
2428801,MSH2,pathogenic,2,47410284,A,T,0.4752,28.3,1.0,0.997,0.839
2413067,MSH2,pathogenic,2,47480837,A,G,0.2337,24.9,0.98,0.945,0.838
2120308,MSH2,pathogenic,2,47429821,G,C,0.3781,28.2,1.0,0.98,0.886
2095532,MSH2,pathogenic,2,47478343,G,A,0.9971,32.0,0.99,1.0,0.952
2031155,MSH2,pathogenic,2,47466700,A,T,0.1349,24.9,0.98,0.606,0.637
1969862,MSH2,pathogenic,2,47475234,T,G,0.6677,24.1,1.0,0.355,0.85
1806784,MSH2,pathogenic,2,47478363,G,C,0.6875,17.29,0.85,0.176,0.583
1801681,MSH2,pathogenic,2,47403193,T,A,0.7194,23.9,1.0,0.125,0.721
1794967,MSH2,pathogenic,2,47482848,G,A,0.093,23.5,0.9299999999999999,0.003,0.436
1794773,MSH2,pathogenic,2,47408457,A,G,0.9268,35.0,1.0,0.632,0.582
1793425,MSH2,pathogenic,2,47480822,G,A,0.0795,12.17,0.75,0.0,0.294
1791519,MSH2,pathogenic,2,47478514,A,G,0.0725,21.2,0.9299999999999999,0.085,0.39
1790693,MSH2,pathogenic,2,47408428,T,C,0.9985,27.7,1.0,0.997,0.944
1790666,MSH2,pathogenic,2,47478460,TT,CC,,,1.0,1.0,
1788302,MSH2,pathogenic,2,47478303,G,T,0.9991,32.0,1.0,0.999,0.979
1786275,MSH2,pathogenic,2,47476484,T,A,0.6506,28.1,0.99,0.988,0.89
1785968,MSH2,pathogenic,2,47476465,G,C,0.1731,18.34,0.69,0.021,0.308
1785515,MSH2,pathogenic,2,47476440,T,G,0.994,24.5,1.0,0.991,0.825
1785322,MSH2,pathogenic,2,47476429,C,A,0.9117,28.6,1.0,0.993,0.91
1785226,MSH2,pathogenic,2,47476421,T,G,0.9883,31.0,1.0,0.999,0.95
1784662,MSH2,pathogenic,2,47476387,T,C,0.9994,31.0,1.0,1.0,0.971
1784570,MSH2,pathogenic,2,47476382,G,T,0.999,32.0,1.0,1.0,0.966
1784432,MSH2,pathogenic,2,47476373,A,T,0.354,25.6,0.96,0.814,0.862
1784426,MSH2,pathogenic,2,47476372,A,T,0.9974,30.0,1.0,0.999,0.924
1784076,MSH2,pathogenic,2,47475262,T,C,0.9409,28.2,1.0,0.997,0.938
1783016,MSH2,pathogenic,2,47475204,G,A,0.1306,22.2,0.51,0.005,0.433
1780893,MSH2,pathogenic,2,47475094,A,C,0.8398,22.0,0.8,0.443,0.732
1780308,MSH2,pathogenic,2,47475064,C,A,0.9929,28.5,1.0,0.973,0.956
1779577,MSH2,pathogenic,2,47475025,G,C,0.9951,34.0,1.0,0.738,0.847
1775691,MSH2,pathogenic,2,47466727,G,A,0.6757,22.0,0.8200000000000001,0.021,0.542
1775501,MSH2,pathogenic,2,47466717,C,G,0.9978,28.8,1.0,0.998,0.879
1774537,MSH2,pathogenic,2,47416356,A,G,0.8494,25.7,1.0,0.957,0.958
1772564,MSH2,pathogenic,2,47463077,T,G,0.9926,26.6,1.0,0.999,0.963
1771888,MSH2,pathogenic,2,47463049,C,T,0.4949,27.0,0.98,0.794,0.737
1770986,MSH2,pathogenic,2,47445640,A,C,0.9729,26.1,1.0,0.969,0.864
4799780,MSH2,benign,2,47482893,G,C,0.6741,25.5,0.97,0.587,0.679
4799769,MSH2,benign,2,47476504,G,A,0.169,26.2,0.9299999999999999,0.848,0.661
4799755,MSH2,benign,2,47412535,C,G,0.1403,19.82,0.9,0.053,0.596
4771574,MSH2,benign,2,47482894,C,T,0.1477,24.0,0.98,0.228,0.621
4759161,MSH2,benign,2,47476414,A,C,0.0914,19.99,0.92,0.001,0.377
4687369,MSH2,benign,2,47410220,T,C,0.1009,24.6,0.96,0.731,0.559
4652783,MSH2,benign,2,47429858,C,G,0.1115,23.3,0.98,0.106,0.477
4652740,MSH2,benign,2,47478517,A,T,0.9376,27.7,1.0,0.98,0.851
4652661,MSH2,benign,2,47429923,G,A,0.0878,22.1,0.6699999999999999,0.022,0.535
4652438,MSH2,benign,2,47416332,G,T,0.0756,7.365,0.0,0.006,0.447
4652383,MSH2,benign,2,47410119,T,A,0.8391,23.7,1.0,0.134,0.662
4542773,MSH2,benign,2,47521269,C,T,0.4006,34.0,1.0,0.926,0.82
4532893,MSH2,benign,2,47416359,C,G,0.3329,23.4,0.9,0.9,0.858
4111061,MSH2,benign,2,47412432,A,T,0.3167,24.8,1.0,0.86,0.772
4111050,MSH2,benign,2,47476463,A,T,0.1695,29.2,0.99,0.696,0.822
4111039,MSH2,benign,2,47475259,A,T,0.2571,22.1,0.6799999999999999,0.035,0.542
4111038,MSH2,benign,2,47408533,A,G,0.118,20.3,0.83,0.027,0.396
4111035,MSH2,benign,2,47463108,C,T,0.2292,26.3,0.96,0.575,0.691
4111032,MSH2,benign,2,47403387,T,C,0.1445,21.5,0.65,0.066,0.594
4111028,MSH2,benign,2,47466741,G,T,0.2647,24.9,0.9299999999999999,0.826,0.633
4111026,MSH2,benign,2,47480758,A,C,0.0823,12.81,0.55,0.001,0.432
4111014,MSH2,benign,2,47408514,A,C,0.1396,21.7,0.95,0.462,0.432
4090555,MSH2,benign,2,47521235,G,T,0.9863,27.9,1.0,0.995,0.958
4090554,MSH2,benign,2,47521218,C,T,0.1419,18.12,0.69,0.198,0.649
4041705,MSH2,benign,2,47570025,G,A,0.9713,32.0,1.0,0.579,0.72
3913581,MSH2,benign,2,47482822,A,C,0.355,21.4,0.86,0.001,0.476
3913579,MSH2,benign,2,47429746,A,C,0.0631,16.37,0.5,0.003,0.382
3913577,MSH2,benign,2,47412508,G,C,0.119,23.7,0.91,0.847,0.635
3913572,MSH2,benign,2,47429868,C,T,0.8859,25.7,0.98,1.0,0.956
3913566,MSH2,benign,2,47403372,C,A,0.1828,22.9,0.8200000000000001,0.007,0.403
3913563,MSH2,benign,2,47475133,C,G,0.1225,14.68,0.63,0.039,0.254
3913559,MSH2,benign,2,47482929,C,G,0.1921,20.7,0.97,0.017,0.532
3913557,MSH2,benign,2,47414366,G,C,0.084,17.26,0.84,0.005,0.506
3913545,MSH2,benign,2,47414388,T,G,0.0663,15.02,0.9,0.001,0.422
3913543,MSH2,benign,2,47408547,G,T,0.1271,21.5,0.72,0.012,0.516
3913540,MSH2,benign,2,47478291,T,A,0.2857,24.2,1.0,0.999,0.641
3874920,MSH2,benign,2,47414276,T,C,0.1613,20.3,0.87,0.001,0.439
3874914,MSH2,benign,2,47403262,A,C,0.471,23.2,0.77,0.136,0.687
3874907,MSH2,benign,2,47463061,T,G,0.0686,21.3,0.84,0.068,0.524
3874906,MSH2,benign,2,47410109,C,A,0.1815,22.9,0.99,0.268,0.444
3874888,MSH2,benign,2,47416418,CG,TC,,,,,
3874886,MSH2,benign,2,47412508,G,A,0.2081,20.4,0.8200000000000001,0.106,0.549
3874885,MSH2,benign,2,47403231,G,C,0.1567,21.2,0.72,0.001,0.456
3874883,MSH2,benign,2,47403234,G,C,0.3411,22.9,0.9,0.269,0.685
3874879,MSH2,benign,2,47480846,C,A,0.3323,21.7,0.8200000000000001,0.122,0.549
3862888,MSH2,benign,2,47521605,G,C,0.1209,17.76,0.98,0.263,0.603
3673966,MSH2,benign,2,47403283,C,T,0.1096,21.5,0.95,0.031,0.518
3648386,MSH2,benign,2,47410281,C,G,0.1507,28.1,0.98,0.995,0.796
3633419,MSH2,benign,2,47480765,G,T,0.0844,16.73,0.06999999999999995,0.0,0.432
3633381,MSH2,benign,2,47408535,G,C,0.7656,26.7,1.0,0.826,0.717
3572016,MSH2,benign,2,47429777,A,T,0.2183,24.1,0.96,0.164,0.764
3398647,MSH2,benign,2,47410305,A,G,0.6623,26.3,1.0,0.985,0.801
3398639,MSH2,benign,2,47463134,T,C,0.0785,14.41,0.62,0.0,0.476
3398638,MSH2,benign,2,47414407,A,G,0.4659,26.7,1.0,0.993,0.876
3398626,MSH2,benign,2,47408406,A,C,0.1033,22.4,0.84,0.017,0.425
3398625,MSH2,benign,2,47482834,C,T,0.106,20.5,0.6,0.012,0.464
3398618,MSH2,benign,2,47445551,A,G,0.0721,20.5,0.62,0.003,0.516
3398610,MSH2,benign,2,47445559,A,G,0.8518,27.7,1.0,0.994,0.841
3398606,MSH2,benign,2,47403381,A,T,0.8023,21.4,1.0,0.599,0.629
3398603,MSH2,benign,2,47410124,G,C,0.9083,28.8,1.0,0.872,0.799
3398595,MSH2,benign,2,47466676,A,C,0.2992,24.1,0.99,0.343,0.567
3398594,MSH2,benign,2,47410160,A,T,0.1695,19.54,0.98,0.104,0.629
3398591,MSH2,benign,2,47403343,T,C,0.5467,28.7,0.99,0.918,0.796
3398589,MSH2,benign,2,47466777,A,T,0.6142,22.9,1.0,0.446,0.745
3398584,MSH2,benign,2,47412546,G,C,0.1817,25.1,0.91,0.922,0.633
3398575,MSH2,benign,2,47463106,T,A,0.0972,18.65,0.94,0.526,0.677
3398561,MSH2,benign,2,47403282,A,C,0.0603,20.3,0.9,0.094,0.496
3398559,MSH2,benign,2,47482788,A,G,0.1222,2.35,0.0,0.005,0.595
3368485,MSH2,benign,2,47480756,T,A,0.3665,21.5,0.98,0.384,0.716
3368098,MSH2,benign,2,47475037,C,G,0.9212,24.8,0.97,0.161,0.739
3363506,MSH2,benign,2,47403280,C,A,0.3089,27.7,0.99,0.822,0.766
3338900,MSH2,benign,2,47410328,T,A,0.0847,13.85,0.84,0.061,0.454
3296243,MSH2,benign,2,47445567,C,T,0.985,22.6,0.96,0.944,0.882
3296237,MSH2,benign,2,47463128,C,A,0.3421,21.1,0.71,0.107,0.482
3296235,MSH2,benign,2,47429855,A,C,0.3586,25.5,0.99,0.566,0.782
3296233,MSH2,benign,2,47429929,G,C,0.5856,22.1,0.74,0.081,0.734
3296231,MSH2,benign,2,47482918,A,G,0.1527,22.0,0.74,0.003,0.543
3296229,MSH2,benign,2,47408415,C,G,0.1136,17.83,0.0,0.0,0.294
3296209,MSH2,benign,2,47466676,A,G,0.5371,24.1,1.0,0.163,0.46
3250992,MSH2,benign,2,47403301,T,C,0.9974,32.0,1.0,0.971,0.908
3230861,MSH2,benign,2,47416303,T,C,0.1044,19.24,0.37,0.021,0.454
3230860,MSH2,benign,2,47414398,A,G,0.1282,23.2,0.97,0.183,0.592
3230856,MSH2,benign,2,47412538,T,C,0.0863,17.08,0.0,0.0,0.475
3230853,MSH2,benign,2,47412477,A,T,0.3058,21.6,0.96,0.778,0.861
4813809,PTEN,pathogenic,10,87925529,C,T,0.9897,29.4,0.99,0.996,0.962
4749952,PTEN,pathogenic,10,87933165,T,G,0.9637,32.0,1.0,0.998,0.928
4744225,PTEN,pathogenic,10,87894040,T,G,0.9992,35.0,1.0,0.992,0.967
4744208,PTEN,pathogenic,10,87894094,T,A,0.9954,32.0,1.0,0.999,0.95
4709745,PTEN,pathogenic,10,87933060,A,T,0.9085,32.0,0.99,0.998,0.925
4690206,PTEN,pathogenic,10,87933187,G,T,0.8245,29.8,0.99,0.805,0.883
4677133,PTEN,pathogenic,10,87933120,G,T,0.8351,32.0,1.0,0.955,0.787
4538586,PTEN,pathogenic,10,87952145,T,G,0.9996,33.0,1.0,0.933,0.976
4531608,PTEN,pathogenic,10,87933157,T,A,0.9987,33.0,1.0,0.999,0.99
4530405,PTEN,pathogenic,10,87864513,G,T,0.9995,31.0,1.0,0.413,0.904
4527406,PTEN,pathogenic,10,87933033,G,A,0.9993,34.0,1.0,0.999,0.924
4293400,PTEN,pathogenic,10,87864548,T,G,0.9937,28.0,0.99,0.007,0.914
4075814,PTEN,pathogenic,10,87894081,T,A,0.9995,31.0,1.0,0.996,0.951
3903209,PTEN,pathogenic,10,87864486,A,T,0.9975,28.1,1.0,0.071,0.864
3900926,PTEN,pathogenic,10,87933219,T,G,0.927,31.0,0.95,0.929,0.906
3767590,PTEN,pathogenic,10,87933052,T,C,0.9981,31.0,1.0,0.993,0.912
3720944,PTEN,pathogenic,10,87933073,G,T,0.9998,33.0,1.0,0.999,0.904
3667044,PTEN,pathogenic,10,87933234,A,T,0.9991,32.0,1.0,1.0,0.945
3661951,PTEN,pathogenic,10,87961021,A,T,0.1551,25.0,0.99,0.062,0.615
3660310,PTEN,pathogenic,10,87933223,A,T,0.6723,28.7,1.0,0.996,0.763
3613675,PTEN,pathogenic,10,87933043,C,A,0.9998,33.0,1.0,1.0,0.897
3572467,PTEN,pathogenic,10,87933126,C,A,0.9951,32.0,1.0,0.995,0.867
3381971,PTEN,pathogenic,10,87957982,T,G,0.9788,29.4,1.0,0.609,0.948
3376309,PTEN,pathogenic,10,87960901,T,G,0.9992,33.0,0.99,0.918,0.946
3372634,PTEN,pathogenic,10,87864501,G,C,0.9924,27.8,1.0,0.049,0.635
3340217,PTEN,pathogenic,10,87933169,C,A,0.9995,32.0,1.0,0.936,0.96
3338761,PTEN,pathogenic,10,87864531,T,C,0.9998,27.7,1.0,0.001,0.669
3337498,PTEN,pathogenic,10,87925541,T,G,0.9993,32.0,1.0,0.999,0.975
3256748,PTEN,pathogenic,10,87933115,T,C,0.9907,31.0,1.0,0.955,0.938
3254879,PTEN,pathogenic,10,87864483,T,C,0.9691,25.8,1.0,0.098,0.821
3231166,PTEN,pathogenic,10,87864534,A,T,0.9963,27.7,1.0,0.263,0.905
3231146,PTEN,pathogenic,10,87925530,A,C,0.9972,30.0,1.0,0.999,0.984
3220859,PTEN,pathogenic,10,87952145,T,C,0.9995,32.0,1.0,0.933,0.971
3026433,PTEN,pathogenic,10,87957879,A,G,0.9748,28.8,0.98,0.659,0.72
2860672,PTEN,pathogenic,10,87965302,A,C,0.8706,29.8,1.0,0.964,0.726
2827098,PTEN,pathogenic,10,87864537,T,C,0.9999,33.0,1.0,0.998,0.968
2813304,PTEN,pathogenic,10,87933060,A,C,0.5321,29.5,0.98,0.988,0.789
2774180,PTEN,pathogenic,10,87933060,A,G,0.4944,27.7,0.99,0.988,0.739
2764628,PTEN,pathogenic,10,87933082,T,G,0.9973,33.0,1.0,0.946,0.957
2746803,PTEN,pathogenic,10,87961045,T,C,0.9982,32.0,1.0,0.993,0.914
2735437,PTEN,pathogenic,10,87933235,G,C,0.9999,33.0,1.0,0.998,0.979
2735432,PTEN,pathogenic,10,87864548,T,A,0.9923,28.5,0.99,0.263,0.98
2707439,PTEN,pathogenic,10,87933244,A,T,0.9985,32.0,1.0,0.985,0.892
2687614,PTEN,pathogenic,10,87933120,G,C,0.9991,33.0,1.0,0.991,0.912
2674303,PTEN,pathogenic,10,87933094,T,G,0.9951,33.0,1.0,1.0,0.985
2674284,PTEN,pathogenic,10,87933121,C,A,0.9998,33.0,1.0,0.986,0.884
2674280,PTEN,pathogenic,10,87933136,C,A,0.9993,33.0,0.99,0.999,0.96
2663192,PTEN,pathogenic,10,87894025,A,T,0.8094,27.1,0.98,0.38,0.802
2628372,PTEN,pathogenic,10,87933072,T,C,0.9999,33.0,1.0,0.999,0.898
2624869,PTEN,pathogenic,10,87933112,A,C,0.9765,32.0,1.0,0.921,0.921
2579603,PTEN,pathogenic,10,87933249,A,G,0.98,33.0,1.0,0.996,0.867
2574362,PTEN,pathogenic,10,87925539,A,C,0.9895,32.0,1.0,0.978,0.868
2567268,PTEN,pathogenic,10,87933094,T,A,0.9964,32.0,1.0,1.0,0.986
2562403,PTEN,pathogenic,10,87933081,C,T,0.9917,32.0,1.0,0.96,0.781
2505479,PTEN,pathogenic,10,87894073,A,G,0.9917,30.0,1.0,0.994,0.967
2504932,PTEN,pathogenic,10,87961056,A,G,0.9997,33.0,1.0,0.996,0.951
2502682,PTEN,pathogenic,10,87965386,C,T,0.2538,28.3,1.0,0.969,0.577
2502558,PTEN,pathogenic,10,87933120,G,A,0.951,33.0,0.99,0.955,0.822
2502345,PTEN,pathogenic,10,87960919,A,G,0.9416,34.0,1.0,0.996,0.887
2502137,PTEN,pathogenic,10,87933102,G,T,0.7144,33.0,1.0,0.687,0.735
2499958,PTEN,pathogenic,10,87925544,A,G,0.9937,31.0,1.0,0.996,0.907
2499932,PTEN,pathogenic,10,87931089,G,A,0.5957,37.0,0.98,0.995,0.693
2498032,PTEN,pathogenic,10,87961068,G,A,0.9995,33.0,1.0,0.999,0.917
2443991,PTEN,pathogenic,10,87933151,C,A,0.9992,32.0,1.0,0.998,0.9
2442682,PTEN,pathogenic,10,87952205,T,A,0.661,24.6,0.98,0.957,0.559
2431002,PTEN,pathogenic,10,87965393,G,C,0.8025,24.7,0.95,0.255,0.473
2430990,PTEN,pathogenic,10,87925536,A,C,0.2069,24.8,1.0,0.092,0.586
2429351,PTEN,pathogenic,10,87925548,T,G,0.9995,29.9,0.98,0.973,0.975
2231857,PTEN,pathogenic,10,87957955,C,A,0.9567,28.5,0.99,0.838,0.742
2136907,PTEN,pathogenic,10,87894102,G,A,0.7657,29.9,0.96,0.995,0.775
2132256,PTEN,pathogenic,10,87933045,C,A,0.9994,32.0,1.0,0.999,0.945
2091925,PTEN,pathogenic,10,87933070,T,C,0.9993,33.0,1.0,0.999,0.944
2033861,PTEN,pathogenic,10,87933159,A,G,0.9721,28.4,1.0,0.978,0.86
2032096,PTEN,pathogenic,10,87864540,A,C,0.9997,28.0,0.99,0.366,0.961
2022313,PTEN,pathogenic,10,87894061,C,T,0.9987,31.0,0.99,0.994,0.799
2010415,PTEN,pathogenic,10,87958014,A,G,0.9565,28.2,1.0,0.659,0.768
2001733,PTEN,pathogenic,10,87864525,A,T,0.9893,34.0,1.0,0.944,0.895
2001581,PTEN,pathogenic,10,87952232,A,C,0.1487,22.1,0.55,0.001,0.237
1967574,PTEN,pathogenic,10,87933139,G,C,0.9997,33.0,1.0,0.999,0.949
1806618,PTEN,pathogenic,10,87965429,A,G,0.5375,31.0,1.0,0.98,0.509
1803052,PTEN,pathogenic,10,87933133,A,G,0.9063,31.0,0.97,0.996,0.876
1796695,PTEN,pathogenic,10,87933042,C,G,0.9255,26.0,0.9,0.998,0.772
1795656,PTEN,pathogenic,10,87933034,A,T,0.9999,33.0,1.0,0.999,0.984
1785871,PTEN,pathogenic,10,87925557,T,G,0.9984,33.0,0.98,1.0,0.985
1780734,PTEN,pathogenic,10,87925529,C,A,0.9977,28.4,1.0,0.995,0.889
1780374,PTEN,pathogenic,10,87965321,C,G,0.2094,24.5,0.97,0.072,0.462
1780350,PTEN,pathogenic,10,87864486,A,G,0.1927,23.6,0.86,0.001,0.28
1778538,PTEN,pathogenic,10,87925518,T,C,0.9996,31.0,1.0,0.999,0.976
1777889,PTEN,pathogenic,10,87925515,T,C,0.9999,32.0,1.0,0.999,0.986
1766444,PTEN,pathogenic,10,87961020,G,A,0.5254,28.5,0.91,0.948,0.509
1750073,PTEN,pathogenic,10,87952209,T,C,0.9994,33.0,1.0,0.96,0.889
1742096,PTEN,pathogenic,10,87933222,T,A,0.9987,32.0,1.0,0.999,0.911
1737618,PTEN,pathogenic,10,87933166,G,T,0.9996,34.0,1.0,0.999,0.966
1737440,PTEN,pathogenic,10,87933164,A,G,0.9754,26.0,1.0,0.999,0.903
1734391,PTEN,pathogenic,10,87933131,T,G,0.9999,32.0,1.0,0.999,0.917
1728902,PTEN,pathogenic,10,87933079,A,G,0.9921,34.0,1.0,0.999,0.936
1728081,PTEN,pathogenic,10,87933072,T,G,0.9953,32.0,1.0,0.998,0.894
1719163,PTEN,pathogenic,10,87894045,G,A,0.998,33.0,1.0,0.996,0.944
1708039,PTEN,pathogenic,10,87933181,A,T,0.9814,31.0,1.0,0.998,0.796
1704153,PTEN,pathogenic,10,87864479,A,G,0.0676,21.9,0.47,0.0,0.294
1701143,PTEN,pathogenic,10,87894081,T,C,0.9993,31.0,1.0,0.996,0.965
1695819,PTEN,pathogenic,10,87965336,C,T,0.1013,27.6,0.92,0.986,0.45
1692373,PTEN,pathogenic,10,87960990,A,G,0.0624,19.88,0.38,0.017,0.173
1686107,PTEN,pathogenic,10,87952124,A,G,0.9974,29.7,1.0,0.691,0.854
1525684,PTEN,pathogenic,10,87957964,T,A,0.9998,29.9,1.0,0.879,0.96
1513427,PTEN,pathogenic,10,87933063,A,G,0.6698,29.8,0.98,0.62,0.705
1511392,PTEN,pathogenic,10,87864540,A,T,0.9999,32.0,1.0,0.627,0.994
1506231,PTEN,pathogenic,10,87894060,G,A,0.9959,33.0,1.0,0.996,0.836
1503862,PTEN,pathogenic,10,87965374,A,G,0.4879,23.7,0.89,0.403,0.417
1489316,PTEN,pathogenic,10,87952193,C,A,0.8494,28.8,0.97,0.683,0.773
1485373,PTEN,pathogenic,10,87952133,A,T,0.9924,32.0,1.0,0.999,0.964
1478930,PTEN,pathogenic,10,87957976,T,G,0.9978,32.0,1.0,0.998,0.976
1473634,PTEN,pathogenic,10,87864503,A,C,0.2792,25.1,0.96,0.273,0.473
1457597,PTEN,pathogenic,10,87933046,C,A,0.9999,33.0,1.0,1.0,0.966
1442462,PTEN,pathogenic,10,87933037,A,T,0.9997,32.0,1.0,0.998,0.961
1406308,PTEN,pathogenic,10,87933093,C,G,0.9234,35.0,1.0,0.998,0.892
1401407,PTEN,pathogenic,10,87952187,T,G,0.9989,32.0,1.0,0.999,0.896
1392070,PTEN,pathogenic,10,87864528,G,C,0.974,28.1,1.0,0.257,0.899
1381124,PTEN,pathogenic,10,87933042,C,T,0.9971,32.0,1.0,0.999,0.826
1379224,PTEN,pathogenic,10,87894088,A,G,0.9981,27.3,1.0,0.996,0.918
1378842,PTEN,pathogenic,10,87957963,G,A,0.9761,30.0,1.0,0.796,0.679
1368242,PTEN,pathogenic,10,87894082,A,G,0.9919,31.0,1.0,0.997,0.985
1341516,PTEN,pathogenic,10,87952119,G,T,0.9994,35.0,0.98,1.0,0.952
1338262,PTEN,pathogenic,10,87933132,A,G,0.9997,33.0,1.0,0.996,0.951
1332212,PTEN,pathogenic,10,87957961,C,G,0.9946,29.8,0.99,1.0,0.926
1321127,PTEN,pathogenic,10,87931063,A,T,0.8724,29.4,0.99,0.996,0.945
1320976,PTEN,pathogenic,10,87864504,A,G,0.4493,24.7,0.97,0.0,0.287
1320458,PTEN,pathogenic,10,87952259,A,G,0.6924,24.0,0.75,0.005,0.26
1319460,PTEN,pathogenic,10,87952188,A,G,0.9803,31.0,1.0,0.999,0.855
1318778,PTEN,pathogenic,10,87925517,T,G,0.9644,26.8,1.0,0.998,0.879
1315922,PTEN,pathogenic,10,87957913,C,T,0.172,23.2,0.84,0.003,0.239
1207213,PTEN,pathogenic,10,87933057,C,T,0.9398,32.0,1.0,0.999,0.682
1198486,PTEN,pathogenic,10,87952136,C,A,0.9988,33.0,1.0,0.759,0.964
1192170,PTEN,pathogenic,10,87894028,T,C,0.9989,29.6,1.0,0.992,0.986
1186260,PTEN,pathogenic,10,87933087,C,A,0.0779,23.4,0.76,0.005,0.332
1176553,PTEN,pathogenic,10,87952142,C,G,0.9995,33.0,1.0,0.932,0.971
1175130,PTEN,pathogenic,10,87933220,T,G,0.8864,32.0,0.99,0.989,0.901
1067498,PTEN,pathogenic,10,87952118,G,C,0.2338,24.2,0.84,0.134,0.341
1067224,PTEN,pathogenic,10,87952148,G,A,0.9964,33.0,1.0,0.999,0.888
1067089,PTEN,pathogenic,10,87933135,G,C,0.9994,33.0,0.97,0.999,0.969
1066565,PTEN,pathogenic,10,87957964,T,G,0.9946,30.0,1.0,0.879,0.96
1064566,PTEN,pathogenic,10,87957970,G,A,0.9983,32.0,0.95,0.974,0.953
1056826,PTEN,pathogenic,10,87925515,T,G,0.9971,31.0,1.0,0.999,0.982
1053430,PTEN,pathogenic,10,87894078,G,A,0.1978,28.8,0.99,0.455,0.536
1043063,PTEN,pathogenic,10,87961051,T,C,0.9992,33.0,1.0,0.991,0.913
1022675,PTEN,pathogenic,10,87965350,AG,CC,,,0.8200000000000001,0.699,
1012092,PTEN,pathogenic,10,87894058,C,A,0.9999,31.0,1.0,0.998,0.95
1010008,PTEN,pathogenic,10,87933163,T,C,0.9945,29.7,1.0,0.998,0.983
1003503,PTEN,pathogenic,10,87894028,T,G,0.9995,32.0,1.0,0.992,0.98
1003046,PTEN,pathogenic,10,87952140,G,T,0.9727,34.0,1.0,0.914,0.912
988006,PTEN,pathogenic,10,87960919,A,T,0.9997,33.0,1.0,0.999,0.867
988005,PTEN,pathogenic,10,87952154,T,G,0.9983,32.0,1.0,0.649,0.942
988004,PTEN,pathogenic,10,87864506,A,G,0.9997,26.9,0.99,0.219,0.806
976246,PTEN,pathogenic,10,87933028,T,C,0.9992,34.0,1.0,0.999,0.984
974864,PTEN,pathogenic,10,87952154,T,C,0.9969,31.0,1.0,0.838,0.941
971265,PTEN,pathogenic,10,87933156,G,A,0.5679,32.0,0.99,0.995,0.777
965633,PTEN,pathogenic,10,87957954,C,A,0.9024,25.1,0.92,0.869,0.842
958105,PTEN,pathogenic,10,87933141,A,G,0.9997,32.0,1.0,0.996,0.951
951765,PTEN,pathogenic,10,87952134,G,A,0.9996,33.0,1.0,0.996,0.866
949068,PTEN,pathogenic,10,87864546,C,A,0.9861,25.8,1.0,0.077,0.642
944445,PTEN,pathogenic,10,87864504,A,T,0.9727,26.3,1.0,0.213,0.693
943637,PTEN,pathogenic,10,87894036,A,G,0.769,34.0,0.99,0.986,0.919
936561,PTEN,pathogenic,10,87931048,G,A,0.9998,33.0,1.0,0.999,0.957
928466,PTEN,pathogenic,10,87957877,TT,CC,,,1.0,0.998,
928126,PTEN,pathogenic,10,87925553,A,C,0.9836,28.8,1.0,0.999,0.926
917595,PTEN,pathogenic,10,87957943,A,T,0.2664,24.2,0.94,0.049,0.48
916219,PTEN,pathogenic,10,87894103,T,C,0.9956,31.0,1.0,0.995,0.949
864223,PTEN,pathogenic,10,87933142,A,G,0.9615,30.0,0.99,0.996,0.826
857491,PTEN,pathogenic,10,87965351,A,T,0.1121,23.0,0.42000000000000004,0.198,0.566
857109,PTEN,pathogenic,10,87961069,A,G,0.9996,32.0,1.0,0.999,0.947
856796,PTEN,pathogenic,10,87933153,G,A,0.9994,33.0,1.0,1.0,0.956
856036,PTEN,pathogenic,10,87933145,G,T,0.9998,36.0,1.0,1.0,0.935
846550,PTEN,pathogenic,10,87864506,A,C,0.9992,26.1,1.0,0.393,0.77
844941,PTEN,pathogenic,10,87952136,C,G,0.9765,29.9,0.99,0.674,0.971
844343,PTEN,pathogenic,10,87952119,G,A,0.9999,34.0,1.0,1.0,0.96
836781,PTEN,pathogenic,10,87961098,T,C,0.4371,23.8,0.78,0.314,0.466
826884,PTEN,pathogenic,10,87957934,T,C,0.5284,24.1,0.96,0.188,0.719
825730,PTEN,pathogenic,10,87952167,T,C,0.9997,33.0,1.0,0.822,0.984
824039,PTEN,pathogenic,10,87933124,T,G,0.9993,33.0,1.0,0.968,0.939
822660,PTEN,pathogenic,10,87933061,T,C,0.9953,31.0,1.0,0.998,0.981
822002,PTEN,pathogenic,10,87894045,G,C,0.9995,34.0,1.0,0.998,0.962
820795,PTEN,pathogenic,10,87931049,T,G,0.9998,32.0,1.0,0.999,0.946
818421,PTEN,pathogenic,10,87894058,C,T,0.9992,34.0,0.99,0.998,0.923
818353,PTEN,pathogenic,10,87965348,C,T,0.2087,24.9,0.98,0.149,0.464
802613,PTEN,pathogenic,10,87965294,T,G,0.9987,33.0,1.0,0.805,0.959
653985,PTEN,pathogenic,10,87960918,A,G,0.9987,32.0,1.0,0.996,0.892
648578,PTEN,pathogenic,10,87933061,T,A,0.9989,33.0,1.0,0.999,0.955
646993,PTEN,pathogenic,10,87933036,C,T,0.9993,32.0,1.0,0.996,0.975
646006,PTEN,pathogenic,10,87933235,G,A,0.9976,33.0,0.97,0.993,0.961
644390,PTEN,pathogenic,10,87864485,A,G,0.9903,26.9,1.0,0.053,0.89
629479,PTEN,pathogenic,10,87952220,A,G,0.0637,20.3,0.29000000000000004,0.0,0.26
627703,PTEN,pathogenic,10,87960915,G,A,0.1311,23.5,0.81,0.007,0.302
627646,PTEN,pathogenic,10,87957960,C,T,0.9912,28.6,0.96,0.999,0.734
623214,PTEN,pathogenic,10,87957982,T,A,0.9995,31.0,1.0,0.78,0.954
580948,PTEN,pathogenic,10,87952155,A,G,0.9912,32.0,1.0,0.874,0.97
578650,PTEN,pathogenic,10,87952232,A,G,0.0706,20.8,0.36,0.001,0.211
575811,PTEN,pathogenic,10,87957973,A,T,0.9998,30.0,1.0,0.942,0.962
573168,PTEN,pathogenic,10,87952137,A,C,0.9993,33.0,1.0,0.879,0.973
571869,PTEN,pathogenic,10,87960921,A,G,0.9908,29.1,1.0,0.851,0.972
569301,PTEN,pathogenic,10,87952133,TC,CG,,,1.0,0.773,
567265,PTEN,pathogenic,10,87933088,A,G,0.081,23.6,0.89,0.057,0.431
566673,PTEN,pathogenic,10,87961021,A,G,0.1076,33.0,0.78,0.0,0.361
565960,PTEN,pathogenic,10,87933034,A,G,0.9998,33.0,1.0,0.999,0.977
565348,PTEN,pathogenic,10,87933111,C,T,0.6391,32.0,1.0,0.875,0.807
547759,PTEN,pathogenic,10,87933223,A,C,0.9959,32.0,1.0,0.999,0.951
536559,PTEN,pathogenic,10,87952133,A,G,0.9873,32.0,0.99,0.993,0.952
536551,PTEN,pathogenic,10,87933214,T,C,0.9999,33.0,1.0,1.0,0.951
536548,PTEN,pathogenic,10,87957970,G,T,0.9996,32.0,1.0,0.951,0.968
536547,PTEN,pathogenic,10,87960951,T,C,0.071,23.2,0.6699999999999999,0.001,0.359
536543,PTEN,pathogenic,10,87894043,T,C,0.9984,34.0,0.99,0.884,0.972
536540,PTEN,pathogenic,10,87925550,T,G,0.9999,32.0,1.0,0.999,0.984
523356,PTEN,pathogenic,10,87933036,C,A,0.9995,31.0,1.0,0.995,0.891
495806,PTEN,pathogenic,10,87961113,T,G,0.9931,32.0,1.0,0.998,0.909
492730,PTEN,pathogenic,10,87933046,C,G,0.9998,33.0,1.0,1.0,0.966
492727,PTEN,pathogenic,10,87894094,T,C,0.9498,29.5,1.0,0.998,0.979
492337,PTEN,pathogenic,10,87957918,C,G,0.9548,24.5,0.94,0.443,0.634
492333,PTEN,pathogenic,10,87864525,A,G,0.7633,25.6,0.86,0.035,0.802
490113,PTEN,pathogenic,10,87933199,A,G,0.0802,23.3,0.85,0.005,0.398
490112,PTEN,pathogenic,10,87965432,C,T,0.1161,25.8,0.97,0.053,0.396
490110,PTEN,pathogenic,10,87961093,A,G,0.5419,27.9,1.0,0.996,0.69
4809651,PTEN,benign,10,87961048,A,T,0.3928,27.4,0.97,0.996,0.905
4807040,PTEN,benign,10,87965461,A,G,0.3369,27.0,1.0,0.958,0.458
4797564,PTEN,benign,10,87864473,A,G,0.0499,20.8,0.28,0.0,0.214
4780461,PTEN,benign,10,87957880,A,G,0.2331,27.3,0.97,0.659,0.555
4749952,PTEN,benign,10,87933165,T,G,0.9637,32.0,1.0,0.998,0.928
4746655,PTEN,benign,10,87957900,A,C,0.559,29.0,1.0,0.997,0.908
4745406,PTEN,benign,10,87961084,A,G,0.9983,32.0,1.0,0.999,0.802
4745390,PTEN,benign,10,87933168,G,T,0.3048,24.6,0.92,0.235,0.681
4744225,PTEN,benign,10,87894040,T,G,0.9992,35.0,1.0,0.992,0.967
4744208,PTEN,benign,10,87894094,T,A,0.9954,32.0,1.0,0.999,0.95
4744176,PTEN,benign,10,87961110,A,T,0.7353,31.0,1.0,0.999,0.878
4744165,PTEN,benign,10,87961006,G,C,0.0627,23.3,0.75,0.001,0.217
4744146,PTEN,benign,10,87958005,A,G,0.9591,28.5,1.0,0.503,0.724
4743049,PTEN,benign,10,87957966,T,C,0.9808,28.7,0.97,0.697,0.952
4743014,PTEN,benign,10,87952124,A,C,0.9985,32.0,1.0,0.971,0.899
4742948,PTEN,benign,10,87933124,T,C,0.998,31.0,1.0,0.929,0.936
4741973,PTEN,benign,10,87864522,A,G,0.7968,29.8,1.0,0.125,0.812
4741906,PTEN,benign,10,87952211,C,T,0.4446,28.7,0.96,0.83,0.771
4741829,PTEN,benign,10,87894037,A,T,0.9929,33.0,1.0,0.997,0.914
4741818,PTEN,benign,10,87931062,T,G,0.9983,33.0,0.99,0.999,0.947
4740306,PTEN,benign,10,87957959,C,T,0.2087,24.9,0.98,0.149,0.464
4729499,PTEN,benign,10,87925556,C,A,0.9714,34.0,0.99,0.998,0.856
4709745,PTEN,benign,10,87933060,A,T,0.9085,32.0,0.99,0.998,0.925
4693652,PTEN,benign,10,87957904,C,T,0.0985,27.7,0.76,0.062,0.349
4690206,PTEN,benign,10,87933187,G,T,0.8245,29.8,0.99,0.805,0.883
4677133,PTEN,benign,10,87933120,G,T,0.8351,32.0,1.0,0.955,0.787
4539266,PTEN,benign,10,87894043,T,A,0.9999,34.0,0.99,0.944,0.951
4538586,PTEN,benign,10,87952145,T,G,0.9996,33.0,1.0,0.933,0.976
4533339,PTEN,benign,10,87952130,C,T,0.999,31.0,1.0,0.999,0.96
4531608,PTEN,benign,10,87933157,T,A,0.9987,33.0,1.0,0.999,0.99
4527406,PTEN,benign,10,87933033,G,A,0.9993,34.0,1.0,0.999,0.924
4293400,PTEN,benign,10,87864548,T,G,0.9937,28.0,0.99,0.007,0.914
4147008,PTEN,benign,10,87952251,G,T,0.8514,32.0,1.0,0.667,0.792
4147003,PTEN,benign,10,87933103,A,T,0.7874,31.0,1.0,0.594,0.814
4146996,PTEN,benign,10,87965320,C,T,0.0711,20.8,0.79,0.0,0.219
4083372,PTEN,benign,10,87952185,A,T,0.1131,23.8,0.73,0.025,0.473
4075814,PTEN,benign,10,87894081,T,A,0.9995,31.0,1.0,0.996,0.951
3940094,PTEN,benign,10,87894044,T,G,0.9654,26.7,1.0,0.892,0.891
3903209,PTEN,benign,10,87864486,A,T,0.9975,28.1,1.0,0.071,0.864
3900926,PTEN,benign,10,87933219,T,G,0.927,31.0,0.95,0.929,0.906
3899047,PTEN,benign,10,87952234,T,G,0.2549,24.6,0.96,0.263,0.39
3784753,PTEN,benign,10,87960903,T,G,0.9971,32.0,1.0,0.929,0.967
3780502,PTEN,benign,10,87958003,A,G,0.0878,22.2,0.8200000000000001,0.007,0.232
3774415,PTEN,benign,10,87933085,A,G,0.94,32.0,1.0,0.999,0.914
3767590,PTEN,benign,10,87933052,T,C,0.9981,31.0,1.0,0.993,0.912
3726594,PTEN,benign,10,87958002,A,G,0.657,24.8,0.95,0.005,0.38
3721391,PTEN,benign,10,87961081,A,C,0.9978,31.0,1.0,0.998,0.817
3720944,PTEN,benign,10,87933073,G,T,0.9998,33.0,1.0,0.999,0.904
3720747,PTEN,benign,10,87894103,T,G,0.9953,33.0,1.0,0.999,0.985
3720634,PTEN,benign,10,87965387,A,C,0.258,28.6,0.98,0.991,0.668
3707295,PTEN,benign,10,87960913,G,C,0.9914,34.0,1.0,0.999,0.822
3692626,PTEN,benign,10,87933193,T,A,0.433,29.8,0.96,0.995,0.681
3667044,PTEN,benign,10,87933234,A,T,0.9991,32.0,1.0,1.0,0.945
3663570,PTEN,benign,10,87933205,A,T,0.3545,26.7,0.86,0.767,0.72
3663539,PTEN,benign,10,87961093,A,C,0.9605,29.1,0.98,0.997,0.713
3662804,PTEN,benign,10,87925524,C,T,0.1843,25.5,0.92,0.053,0.631
3662351,PTEN,benign,10,87960937,G,C,0.1369,24.4,0.9,0.1,0.497
3661951,PTEN,benign,10,87961021,A,T,0.1551,25.0,0.99,0.062,0.615
3660310,PTEN,benign,10,87933223,A,T,0.6723,28.7,1.0,0.996,0.763
3654135,PTEN,benign,10,87960952,C,T,0.0657,23.9,0.7,0.003,0.357
3652409,PTEN,benign,10,87965425,A,G,0.3893,25.4,0.85,0.972,0.433
3649417,PTEN,benign,10,87961030,A,C,0.1975,22.6,0.74,0.314,0.473
3648820,PTEN,benign,10,87864494,G,C,0.9975,32.0,0.99,0.969,0.9
3647581,PTEN,benign,10,87961096,G,C,0.9975,33.0,1.0,0.945,0.731
3642442,PTEN,benign,10,87965431,C,A,0.0981,24.7,0.96,0.054,0.41
3639783,PTEN,benign,10,87933220,T,C,0.9898,32.0,1.0,0.968,0.928
3631062,PTEN,benign,10,87965428,G,C,0.5109,31.0,1.0,0.98,0.397
3613675,PTEN,benign,10,87933043,C,A,0.9998,33.0,1.0,1.0,0.897
3598499,PTEN,benign,10,87952182,T,C,0.979,27.0,1.0,0.286,0.844
3572467,PTEN,benign,10,87933126,C,A,0.9951,32.0,1.0,0.995,0.867
3387549,PTEN,benign,10,87965422,G,C,0.5772,24.8,0.95,0.253,0.567
3387544,PTEN,benign,10,87864486,A,C,0.9894,26.2,1.0,0.131,0.824
3381971,PTEN,benign,10,87957982,T,G,0.9788,29.4,1.0,0.609,0.948
3376309,PTEN,benign,10,87960901,T,G,0.9992,33.0,0.99,0.918,0.946
3372634,PTEN,benign,10,87864501,G,C,0.9924,27.8,1.0,0.049,0.635
3370850,PTEN,benign,10,87960932,A,G,0.8317,27.3,1.0,0.96,0.757
3370722,PTEN,benign,10,87960909,T,A,0.9496,32.0,0.99,0.998,0.881
3340638,PTEN,benign,10,87864491,A,G,0.1105,22.8,0.94,0.0,0.239
3340217,PTEN,benign,10,87933169,C,A,0.9995,32.0,1.0,0.936,0.96
3338761,PTEN,benign,10,87864531,T,C,0.9998,27.7,1.0,0.001,0.669
3337498,PTEN,benign,10,87925541,T,G,0.9993,32.0,1.0,0.999,0.975
3311256,PTEN,benign,10,87965357,C,T,0.6856,25.0,0.96,0.16,0.493
3256748,PTEN,benign,10,87933115,T,C,0.9907,31.0,1.0,0.955,0.938
3254879,PTEN,benign,10,87864483,T,C,0.9691,25.8,1.0,0.098,0.821
3236456,PTEN,benign,10,87864498,G,C,0.9859,26.7,1.0,0.129,0.745
3231173,PTEN,benign,10,87961027,A,C,0.5156,26.7,1.0,0.247,0.709
3231166,PTEN,benign,10,87864534,A,T,0.9963,27.7,1.0,0.263,0.905
3231159,PTEN,benign,10,87933243,G,C,0.9992,33.0,1.0,0.984,0.888
3231153,PTEN,benign,10,87933105,G,C,0.1984,32.0,0.99,0.59,0.609
3231146,PTEN,benign,10,87925530,A,C,0.9972,30.0,1.0,0.999,0.984
3220859,PTEN,benign,10,87952145,T,C,0.9995,32.0,1.0,0.933,0.971
3075549,PTEN,benign,10,87961045,T,G,0.9888,33.0,1.0,0.998,0.941
3075548,PTEN,benign,10,87957919,G,T,0.9636,31.0,0.98,0.683,0.79
3075547,PTEN,benign,10,87931066,A,G,0.8925,31.0,0.99,0.999,0.947
3074642,PTEN,benign,10,87952200,C,G,0.7526,24.1,0.94,0.165,0.532
3073991,PTEN,benign,10,87961107,C,G,0.7826,25.0,0.84,0.556,0.69
3072410,PTEN,benign,10,87957867,G,C,0.865,26.5,0.9299999999999999,0.483,0.69
3071692,PTEN,benign,10,87894041,T,G,0.9336,29.5,1.0,0.994,0.771
3071050,PTEN,benign,10,87933250,A,T,0.9568,34.0,1.0,0.999,0.9
3070715,PTEN,benign,10,87957931,T,C,0.2067,21.0,0.44999999999999996,0.127,0.214
3070126,PTEN,benign,10,87957949,C,T,0.3742,29.7,0.95,0.83,0.819
3069948,PTEN,benign,10,87925544,A,C,0.8458,28.9,1.0,0.998,0.856
3026433,PTEN,benign,10,87957879,A,G,0.9748,28.8,0.98,0.659,0.72
2912092,PTEN,benign,10,87961010,A,G,0.0587,22.0,0.85,0.147,0.198
2896208,PTEN,benign,10,87961024,A,T,0.1037,25.2,0.98,0.314,0.563
2877017,PTEN,benign,10,87960967,A,T,0.8974,29.3,1.0,0.985,0.861
2866544,PTEN,benign,10,87957870,T,C,0.9357,24.0,0.8,0.075,0.357
2863055,PTEN,benign,10,87925547,A,G,0.2433,23.9,0.55,0.099,0.602
2861996,PTEN,benign,10,87933211,C,T,0.936,31.0,0.96,0.998,0.887
2860672,PTEN,benign,10,87965302,A,C,0.8706,29.8,1.0,0.964,0.726
2855793,PTEN,benign,10,87894073,A,C,0.9912,30.0,1.0,0.99,0.956
2836880,PTEN,benign,10,87933031,A,G,0.8854,33.0,1.0,0.904,0.906
2834356,PTEN,benign,10,87961105,C,A,0.9904,32.0,1.0,0.999,0.787
2833276,PTEN,benign,10,87952199,G,T,0.3888,23.8,0.89,0.092,0.401
2832413,PTEN,benign,10,87957901,A,C,0.0521,13.34,0.83,0.005,0.165
2828231,PTEN,benign,10,87957913,C,A,0.7231,23.7,0.88,0.0,0.331
2827098,PTEN,benign,10,87864537,T,C,0.9999,33.0,1.0,0.998,0.968
2824871,PTEN,benign,10,87933039,A,T,0.9045,32.0,1.0,0.97,0.841
2823685,PTEN,benign,10,87957961,C,T,0.927,29.6,0.97,0.999,0.832
2819090,PTEN,benign,10,87864509,A,T,0.9705,33.0,1.0,0.81,0.901
2818811,PTEN,benign,10,87952245,TC,AT,,,1.0,0.987,
2815563,PTEN,benign,10,87925515,T,A,0.9232,28.5,0.98,0.995,0.847
2814779,PTEN,benign,10,87960949,C,A,0.0542,20.1,0.43000000000000005,0.0,0.168
2813304,PTEN,benign,10,87933060,A,C,0.5321,29.5,0.98,0.988,0.789
2811915,PTEN,benign,10,87864516,A,C,0.9975,26.3,0.99,0.131,0.862
2805466,PTEN,benign,10,87957925,A,C,0.4989,24.1,0.91,0.092,0.418
2798148,PTEN,benign,10,87864516,A,G,0.9898,26.7,0.99,0.427,0.892
2774180,PTEN,benign,10,87933060,A,G,0.4944,27.7,0.99,0.988,0.739
2764864,PTEN,benign,10,87957985,A,G,0.9884,32.0,1.0,0.887,0.906
2764628,PTEN,benign,10,87933082,T,G,0.9973,33.0,1.0,0.946,0.957
2758375,PTEN,benign,10,87952241,T,G,0.904,27.2,0.96,0.274,0.814
2757141,PTEN,benign,10,87933219,T,A,0.9495,32.0,1.0,0.956,0.792
2754588,PTEN,benign,10,87925549,A,G,0.9692,27.6,1.0,0.96,0.908
2749648,PTEN,benign,10,87952214,A,G,0.7305,26.2,0.77,0.705,0.658
2747932,PTEN,benign,10,87960912,T,G,0.9932,34.0,1.0,0.998,0.82
2746803,PTEN,benign,10,87961045,T,C,0.9982,32.0,1.0,0.993,0.914
2745184,PTEN,benign,10,87965294,T,A,0.9985,32.0,1.0,0.805,0.944
2735437,PTEN,benign,10,87933235,G,C,0.9999,33.0,1.0,0.998,0.979
2735436,PTEN,benign,10,87933211,C,A,0.9995,33.0,1.0,0.999,0.939
2735435,PTEN,benign,10,87933102,G,A,0.1299,25.2,0.9,0.01,0.39
2735432,PTEN,benign,10,87864548,T,A,0.9923,28.5,0.99,0.263,0.98
2713606,PTEN,benign,10,87952233,T,G,0.983,27.5,1.0,0.257,0.794
2707439,PTEN,benign,10,87933244,A,T,0.9985,32.0,1.0,0.985,0.892
2703168,PTEN,benign,10,87933030,G,C,0.7738,33.0,0.98,0.948,0.733
2687621,PTEN,benign,10,87933057,C,A,0.5829,29.0,0.97,0.998,0.525
2687614,PTEN,benign,10,87933120,G,C,0.9991,33.0,1.0,0.991,0.912
2687522,PTEN,benign,10,87933213,C,G,0.8711,29.1,1.0,0.998,0.799
2682204,PTEN,benign,10,87960916,T,C,0.9586,25.9,1.0,0.134,0.647
2682052,PTEN,benign,10,87965386,C,G,0.4672,25.7,0.92,0.978,0.585
2678096,PTEN,benign,10,87957921,G,A,0.8062,24.0,0.47,0.062,0.469
