variation_id,genos_pathogenic,genos_benign,genos_prediction,status
VCV004625758,0.07522248476743698,0.9247775077819824,Benign,ok
VCV004684220,0.040052566677331924,0.959947407245636,Benign,ok
VCV004625766,0.03782886266708374,0.9621711373329163,Benign,ok
VCV004758075,0.07938692718744278,0.9206131100654602,Benign,ok
VCV004625747,0.03935742750763893,0.9606426358222961,Benign,ok
VCV004539184,0.25636330246925354,0.7436366677284241,Benign,ok
VCV004539182,0.547180712223053,0.452819287776947,Pathogenic,ok
VCV004215103,0.07435690611600876,0.9256430864334106,Benign,ok
VCV004294406,0.2137771099805832,0.7862228751182556,Benign,ok
VCV004056259,0.053696900606155396,0.946303129196167,Benign,ok
VCV003992573,0.048343464732170105,0.9516565799713135,Benign,ok
VCV003992578,0.011861858889460564,0.9881381392478943,Benign,ok
VCV003992563,0.2119767665863037,0.7880232334136963,Benign,ok
VCV003904754,0.045619405806064606,0.9543805718421936,Benign,ok
VCV003903873,0.12606140971183777,0.8739386200904846,Benign,ok
VCV003825318,0.010528688319027424,0.9894713163375854,Benign,ok
VCV003778920,0.13532616198062897,0.8646737933158875,Benign,ok
VCV003765082,0.14161671698093414,0.858383297920227,Benign,ok
VCV003774437,0.03214520215988159,0.9678548574447632,Benign,ok
VCV003825325,0.4625433087348938,0.5374566912651062,Benign,ok
VCV003765081,0.09561954438686371,0.9043804407119751,Benign,ok
VCV003730837,0.07400256395339966,0.9259974360466003,Benign,ok
VCV003600337,0.05126035958528519,0.9487396478652954,Benign,ok
VCV003481904,0.01952544040977955,0.980474591255188,Benign,ok
VCV003481827,0.09740309417247772,0.9025968909263611,Benign,ok
VCV003481900,0.074855275452137,0.9251446723937988,Benign,ok
VCV003481776,0.04712597653269768,0.9528740048408508,Benign,ok
VCV003256351,0.07550500333309174,0.9244950413703918,Benign,ok
VCV003338486,0.011874363757669926,0.9881256818771362,Benign,ok
VCV003226138,0.06740745902061462,0.932592511177063,Benign,ok
VCV003481797,0.47640514373779297,0.5235949158668518,Benign,ok
VCV003226132,0.037122007459402084,0.9628779292106628,Benign,ok
VCV002691999,0.05895029380917549,0.9410496950149536,Benign,ok
VCV002683814,0.09080243110656738,0.9091976284980774,Benign,ok
VCV002687847,0.10328933596611023,0.8967106342315674,Benign,ok
VCV002683815,0.07942050695419312,0.9205795526504517,Benign,ok
VCV002683812,0.07249870896339417,0.9275012612342834,Benign,ok
VCV002585842,0.04672457277774811,0.9532753825187683,Benign,ok
VCV002445711,0.0924484133720398,0.9075515866279602,Benign,ok
VCV002445306,0.0631301999092102,0.9368698596954346,Benign,ok
VCV002135737,0.7688732147216797,0.2311267852783203,Pathogenic,ok
VCV001797469,0.08705467730760574,0.9129453301429749,Benign,ok
VCV002035518,0.01728692092001438,0.9827131032943726,Benign,ok
VCV001796968,0.12028864771127701,0.8797113299369812,Benign,ok
VCV001784220,0.0010539342183619738,0.9989461302757263,Benign,ok
VCV001773294,0.03188830614089966,0.9681116342544556,Benign,ok
VCV001738154,0.9166547060012817,0.08334529399871826,Pathogenic,ok
VCV001794958,0.09273020923137665,0.9072697758674622,Benign,ok
VCV001733143,0.06417743116617203,0.935822606086731,Benign,ok
VCV001729180,0.8036731481552124,0.19632679224014282,Pathogenic,ok
VCV001732593,0.002198236994445324,0.9978017210960388,Benign,ok
VCV001709805,0.08423679322004318,0.9157631993293762,Benign,ok
VCV001708959,0.08471114933490753,0.9152888655662537,Benign,ok
VCV001687140,0.757266104221344,0.2427339106798172,Pathogenic,ok
VCV001684697,0.11654090881347656,0.8834590315818787,Benign,ok
VCV001325657,0.5859403014183044,0.41405969858169556,Pathogenic,ok
VCV001325663,0.08251800388097763,0.9174820184707642,Benign,ok
VCV001285144,0.03804006427526474,0.9619598984718323,Benign,ok
VCV001209888,0.08291272819042206,0.9170872569084167,Benign,ok
VCV001275856,0.5493601560592651,0.4506397843360901,Pathogenic,ok
VCV001174984,0.13150295615196228,0.8684970736503601,Benign,ok
VCV001168433,0.013677584938704967,0.9863224029541016,Benign,ok
VCV001050740,0.10254982113838196,0.8974502086639404,Benign,ok
VCV001050301,0.09484294801950455,0.9051570296287537,Benign,ok
VCV001049569,0.055483706295490265,0.9445163011550903,Benign,ok
VCV001049469,0.07119212299585342,0.9288078546524048,Benign,ok
VCV000869092,0.9159740209579468,0.08402596414089203,Pathogenic,ok
VCV000869089,0.7770890593528748,0.22291098535060883,Pathogenic,ok
VCV000869028,0.8052852153778076,0.19471481442451477,Pathogenic,ok
VCV000869023,0.7662357091903687,0.23376429080963135,Pathogenic,ok
VCV000869009,0.9153974652290344,0.08460257202386856,Pathogenic,ok
VCV000869008,0.666209876537323,0.3337900936603546,Pathogenic,ok
VCV000869006,0.5310391783714294,0.46896082162857056,Pathogenic,ok
VCV000869004,0.7820976972579956,0.21790233254432678,Pathogenic,ok
VCV000868976,0.6495835781097412,0.3504164218902588,Pathogenic,ok
VCV000868968,0.7476534843444824,0.25234654545783997,Pathogenic,ok
VCV000868969,0.834447979927063,0.16555200517177582,Pathogenic,ok
VCV000868956,0.4874705970287323,0.5125294327735901,Benign,ok
VCV000868943,0.5262323021888733,0.4737677276134491,Pathogenic,ok
VCV002445397,0.028121810406446457,0.971878170967102,Benign,ok
VCV000868942,0.46199408173561096,0.5380058884620667,Benign,ok
VCV000868922,0.6820338368415833,0.31796613335609436,Pathogenic,ok
VCV000868921,0.7463963031768799,0.25360363721847534,Pathogenic,ok
VCV000868902,0.6897882223129272,0.310211718082428,Pathogenic,ok
VCV000868876,0.22693535685539246,0.7730646729469299,Benign,ok
VCV000868875,0.4610846936702728,0.5389153361320496,Benign,ok
VCV000868862,0.3700349032878876,0.6299651265144348,Benign,ok
VCV000868853,0.3350743055343628,0.6649256944656372,Benign,ok
VCV000868861,0.4087231755256653,0.5912767648696899,Benign,ok
VCV000868843,0.3137979507446289,0.6862020492553711,Benign,ok
VCV000868826,0.8673014640808105,0.13269856572151184,Pathogenic,ok
VCV000868827,0.8864912390708923,0.11350872367620468,Pathogenic,ok
VCV000868780,0.8785797357559204,0.12142026424407959,Pathogenic,ok
VCV000868777,0.9388551712036133,0.061144884675741196,Pathogenic,ok
VCV000868763,0.8271151185035706,0.17288492619991302,Pathogenic,ok
VCV000868725,0.3311968445777893,0.6688031554222107,Benign,ok
VCV000868702,0.9388088583946228,0.0611911304295063,Pathogenic,ok
VCV000868700,0.9326865673065186,0.06731349974870682,Pathogenic,ok
VCV000868673,0.916246235370636,0.08375375717878342,Pathogenic,ok
VCV000868680,0.8634185791015625,0.1365814357995987,Pathogenic,ok
VCV000868573,0.5835983157157898,0.416401743888855,Pathogenic,ok
VCV000868567,0.8218805193901062,0.17811952531337738,Pathogenic,ok
VCV000868515,0.637326717376709,0.36267322301864624,Pathogenic,ok
VCV000868483,0.7682795524597168,0.2317204773426056,Pathogenic,ok
VCV000868463,0.6304077506065369,0.3695922791957855,Pathogenic,ok
VCV000868434,0.34768372774124146,0.6523162722587585,Benign,ok
VCV000868433,0.48133280873298645,0.5186672210693359,Benign,ok
VCV000868419,0.9506441950798035,0.04935576021671295,Pathogenic,ok
VCV000868409,0.4297388195991516,0.5702611804008484,Benign,ok
VCV000868380,0.925643265247345,0.07435674220323563,Pathogenic,ok
VCV000868376,0.4592106342315674,0.5407893657684326,Benign,ok
VCV000868350,0.8808254599571228,0.11917459964752197,Pathogenic,ok
VCV000868306,0.9866353869438171,0.01336455624550581,Pathogenic,ok
VCV000868346,0.8981751203536987,0.10182484239339828,Pathogenic,ok
VCV000868230,0.9005544781684875,0.09944557398557663,Pathogenic,ok
VCV000868170,0.9644056558609009,0.035594284534454346,Pathogenic,ok
VCV000868161,0.9672901630401611,0.03270982205867767,Pathogenic,ok
VCV000868157,0.9166221618652344,0.08337785303592682,Pathogenic,ok
VCV000868146,0.9140205383300781,0.08597952872514725,Pathogenic,ok
VCV000868136,0.8194248676300049,0.1805751472711563,Pathogenic,ok
VCV000868111,0.6791874170303345,0.3208125829696655,Pathogenic,ok
VCV000868102,0.6304383873939514,0.36956167221069336,Pathogenic,ok
VCV000868096,0.5727310180664062,0.42726901173591614,Pathogenic,ok
VCV000868042,0.8793322443962097,0.12066780775785446,Pathogenic,ok
VCV000868026,0.9660890102386475,0.03391100838780403,Pathogenic,ok
VCV000868033,0.8829503059387207,0.11704972386360168,Pathogenic,ok
VCV000867965,0.9902021884918213,0.009797818958759308,Pathogenic,ok
VCV000867843,0.8652125000953674,0.13478754460811615,Pathogenic,ok
VCV000867804,0.9575871229171753,0.04241286218166351,Pathogenic,ok
VCV000867750,0.6307682991027832,0.369231641292572,Pathogenic,ok
VCV000867751,0.8664888739585876,0.13351108133792877,Pathogenic,ok
VCV000867748,0.7106705904006958,0.2893294095993042,Pathogenic,ok
VCV000867686,0.844039261341095,0.15596075356006622,Pathogenic,ok
VCV000867649,0.9755285382270813,0.024471424520015717,Pathogenic,ok
VCV000867634,0.8746303915977478,0.1253696233034134,Pathogenic,ok
VCV000867631,0.9373501539230347,0.06264980882406235,Pathogenic,ok
VCV000867639,0.9029803276062012,0.09701960533857346,Pathogenic,ok
VCV000867597,0.8290940523147583,0.17090588808059692,Pathogenic,ok
VCV000867583,0.5449879765510559,0.4550120234489441,Pathogenic,ok
VCV000867595,0.6720996499061584,0.32790037989616394,Pathogenic,ok
VCV000867581,0.8116101622581482,0.1883898675441742,Pathogenic,ok
VCV000867580,0.8949761390686035,0.10502380132675171,Pathogenic,ok
VCV000867544,0.21077951788902283,0.7892205119132996,Benign,ok
VCV000867501,0.896772027015686,0.10322800278663635,Pathogenic,ok
VCV000867486,0.8816229701042175,0.11837705969810486,Pathogenic,ok
VCV000867463,0.9318665862083435,0.0681333914399147,Pathogenic,ok
VCV000867457,0.6705556511878967,0.32944437861442566,Pathogenic,ok
VCV000867397,0.6277938485145569,0.3722061812877655,Pathogenic,ok
VCV000867392,0.8554748892784119,0.14452514052391052,Pathogenic,ok
VCV000867382,0.6073057651519775,0.3926941752433777,Pathogenic,ok
VCV000867340,0.8918627500534058,0.10813724994659424,Pathogenic,ok
VCV000867356,0.8313459157943726,0.16865405440330505,Pathogenic,ok
VCV000867317,0.882766604423523,0.11723338812589645,Pathogenic,ok
VCV000867316,0.8190724849700928,0.18092748522758484,Pathogenic,ok
VCV000867299,0.574924886226654,0.42507508397102356,Pathogenic,ok
VCV000867272,0.8765371441841125,0.12346284091472626,Pathogenic,ok
VCV000867253,0.894922137260437,0.10507787019014359,Pathogenic,ok
VCV000865710,0.36453765630722046,0.6354623436927795,Benign,ok
VCV000865692,0.8462377190589905,0.15376228094100952,Pathogenic,ok
VCV000865673,0.4691053032875061,0.5308946967124939,Benign,ok
VCV000865661,0.3038982152938843,0.6961017847061157,Benign,ok
VCV000865683,0.38189971446990967,0.6181002855300903,Benign,ok
VCV000865637,0.9598743915557861,0.04012559354305267,Pathogenic,ok
VCV000865632,0.8888798356056213,0.11112009733915329,Pathogenic,ok
VCV004687466,0.9239190220832825,0.0760810375213623,Pathogenic,ok
VCV004683788,0.06889904290437698,0.9311009645462036,Benign,ok
VCV004629576,0.7210682034492493,0.27893179655075073,Pathogenic,ok
VCV004629423,0.6918640732765198,0.308135986328125,Pathogenic,ok
VCV004629355,0.04694056510925293,0.9530594348907471,Benign,ok
VCV004629264,0.735194742679596,0.26480522751808167,Pathogenic,ok
VCV004629247,0.9046596884727478,0.0953402891755104,Pathogenic,ok
VCV004629302,0.6990781426429749,0.30092188715934753,Pathogenic,ok
VCV004629057,0.7265735268592834,0.27342650294303894,Pathogenic,ok
VCV004629089,0.6679388880729675,0.3320610821247101,Pathogenic,ok
VCV004629013,0.08079317212104797,0.9192068576812744,Benign,ok
VCV004628997,0.16924762725830078,0.830752432346344,Benign,ok
VCV004628581,0.0017176233232021332,0.9982824325561523,Benign,ok
VCV004628767,0.8689517974853516,0.13104821741580963,Pathogenic,ok
VCV004628412,0.018395191058516502,0.981604814529419,Benign,ok
VCV004628406,0.7833565473556519,0.21664343774318695,Pathogenic,ok
VCV004628325,0.8876211047172546,0.11237892508506775,Pathogenic,ok
VCV004628351,0.685580313205719,0.314419686794281,Pathogenic,ok
VCV004628272,0.8204088807106018,0.1795911192893982,Pathogenic,ok
VCV000867577,0.858689546585083,0.14131039381027222,Pathogenic,ok
VCV004627937,0.024548480287194252,0.9754515290260315,Benign,ok
VCV004626636,0.5150497555732727,0.4849502742290497,Pathogenic,ok
VCV004626202,0.39259073138237,0.6074092388153076,Benign,ok
VCV004539216,0.6852614283561707,0.31473857164382935,Pathogenic,ok
VCV004539221,0.5249236226081848,0.4750764071941376,Pathogenic,ok
VCV004539145,0.17735706269741058,0.822642982006073,Benign,ok
VCV004215929,0.9516745805740356,0.04832543805241585,Pathogenic,ok
VCV004215927,0.7701670527458191,0.2298329472541809,Pathogenic,ok
VCV004215923,0.7828996777534485,0.2171003222465515,Pathogenic,ok
VCV004215922,0.4456580877304077,0.5543419122695923,Benign,ok
VCV004215910,0.23453177511692047,0.7654682397842407,Benign,ok
VCV004215907,0.13910064101219177,0.8608993291854858,Benign,ok
VCV004215906,0.211486354470253,0.7885136604309082,Benign,ok
VCV004215892,0.6280526518821716,0.37194737792015076,Pathogenic,ok
VCV004215896,0.6908562779426575,0.30914372205734253,Pathogenic,ok
VCV004215876,0.026993822306394577,0.9730061292648315,Benign,ok
VCV004215874,0.46236732602119446,0.5376326441764832,Benign,ok
VCV004215863,0.04087395220994949,0.9591259956359863,Benign,ok
VCV004215853,0.5603543519973755,0.4396456182003021,Pathogenic,ok
VCV004215870,0.10913535207509995,0.8908646702766418,Benign,ok
VCV004215850,0.16588471829891205,0.8341152667999268,Benign,ok
VCV004215290,0.12742580473423004,0.8725742101669312,Benign,ok
VCV004215289,0.42135849595069885,0.5786414742469788,Benign,ok
VCV004215287,0.29119205474853516,0.7088080048561096,Benign,ok
VCV004215272,0.22414244711399078,0.7758575677871704,Benign,ok
VCV004215273,0.5267853736877441,0.47321468591690063,Pathogenic,ok
VCV004215254,0.0664089247584343,0.9335910677909851,Benign,ok
VCV004215251,0.13739590346813202,0.8626040816307068,Benign,ok
VCV004215151,0.011796328239142895,0.9882036447525024,Benign,ok
VCV004082326,0.635574460029602,0.3644254803657532,Pathogenic,ok
VCV004082323,0.24508345127105713,0.7549164891242981,Benign,ok
VCV004082324,0.23657287657260895,0.763427197933197,Benign,ok
VCV004071408,0.6829286217689514,0.31707140803337097,Pathogenic,ok
VCV003992878,0.16259361803531647,0.8374063968658447,Benign,ok
VCV003992866,0.696200430393219,0.3037995994091034,Pathogenic,ok
VCV003992858,0.016579722985625267,0.9834202527999878,Benign,ok
VCV003992855,0.7737708687782288,0.22622907161712646,Pathogenic,ok
VCV003992856,0.6896439790725708,0.3103559911251068,Pathogenic,ok
VCV003992854,0.23213781416416168,0.7678622007369995,Benign,ok
VCV003992852,0.02220274694263935,0.977797269821167,Benign,ok
VCV003992851,0.33639371395111084,0.6636062264442444,Benign,ok
VCV003992843,0.004051479510962963,0.9959484934806824,Benign,ok
VCV003992835,0.8007868528366089,0.1992131620645523,Pathogenic,ok
VCV003992836,0.11643213033676147,0.8835679292678833,Benign,ok
VCV003992811,0.785653293132782,0.2143467217683792,Pathogenic,ok
VCV003992817,0.24494197964668274,0.7550579905509949,Benign,ok
VCV003992799,0.10509238392114639,0.8949075937271118,Benign,ok
VCV003992795,0.7308495044708252,0.2691504657268524,Pathogenic,ok
VCV003992792,0.7271946668624878,0.2728053331375122,Pathogenic,ok
VCV003992790,0.04850900545716286,0.9514909982681274,Benign,ok
VCV003992784,0.5725131630897522,0.4274868667125702,Pathogenic,ok
VCV003992776,0.7213516235351562,0.27864834666252136,Pathogenic,ok
VCV003992775,0.7895681858062744,0.21043182909488678,Pathogenic,ok
VCV003992773,0.640555739402771,0.3594442903995514,Pathogenic,ok
VCV003992772,0.7364861965179443,0.26351383328437805,Pathogenic,ok
VCV003992762,0.8788405060768127,0.12115947902202606,Pathogenic,ok
VCV003992753,0.8741495013237,0.12585042417049408,Pathogenic,ok
VCV003992748,0.7542096376419067,0.24579031765460968,Pathogenic,ok
VCV003992746,0.04577908664941788,0.9542209506034851,Benign,ok
VCV003992707,0.7882260084152222,0.21177399158477783,Pathogenic,ok
VCV003992705,0.008070431649684906,0.9919296503067017,Benign,ok
VCV003992741,0.7641915082931519,0.23580855131149292,Pathogenic,ok
VCV003992698,0.8575937151908875,0.14240624010562897,Pathogenic,ok
VCV003992667,0.5505731105804443,0.44942688941955566,Pathogenic,ok
VCV003992681,0.10680974274873734,0.8931902647018433,Benign,ok
VCV003992665,0.7540698647499084,0.24593013525009155,Pathogenic,ok
VCV003992662,0.8953229188919067,0.10467703640460968,Pathogenic,ok
VCV003825475,0.7137458324432373,0.2862541675567627,Pathogenic,ok
VCV003825457,0.7632286548614502,0.23677130043506622,Pathogenic,ok
VCV003825450,0.8390697240829468,0.16093023121356964,Pathogenic,ok
VCV003825453,0.7398093938827515,0.26019057631492615,Pathogenic,ok
VCV003825447,0.1893000304698944,0.810699999332428,Benign,ok
VCV003825442,0.2336798757314682,0.7663201093673706,Benign,ok
VCV003825385,0.04020828753709793,0.9597916603088379,Benign,ok
VCV003825379,0.13526619970798492,0.8647338151931763,Benign,ok
VCV003825377,0.17264187335968018,0.8273581266403198,Benign,ok
VCV003825364,0.6959441900253296,0.304055780172348,Pathogenic,ok
VCV003778940,0.6096721887588501,0.3903278112411499,Pathogenic,ok
VCV003778939,0.05028800666332245,0.9497119188308716,Benign,ok
VCV003774432,0.8283040523529053,0.17169597744941711,Pathogenic,ok
VCV003778936,0.1700352132320404,0.8299647569656372,Benign,ok
VCV003765272,0.20547090470790863,0.7945290803909302,Benign,ok
VCV003765271,0.15321597456932068,0.8467839956283569,Benign,ok
VCV003765267,0.10437089949846268,0.8956291079521179,Benign,ok
VCV003482212,0.021562324836850166,0.9784376621246338,Benign,ok
VCV003765270,0.04559525102376938,0.9544047713279724,Benign,ok
VCV003482194,0.2861573100090027,0.7138426899909973,Benign,ok
VCV003482183,0.11818370968103409,0.8818162679672241,Benign,ok
VCV003482156,0.13431313633918762,0.8656868934631348,Benign,ok
VCV003482150,0.24123762547969818,0.7587623596191406,Benign,ok
VCV003482145,0.015101892873644829,0.9848981499671936,Benign,ok
VCV003482138,0.19745589792728424,0.8025440573692322,Benign,ok
VCV003482136,0.013662799261510372,0.9863372445106506,Benign,ok
VCV003482114,0.81928551197052,0.1807144582271576,Pathogenic,ok
VCV003482095,0.7735086679458618,0.226491317152977,Pathogenic,ok
VCV003482077,0.80143141746521,0.19856856763362885,Pathogenic,ok
VCV003482112,0.7632016539573669,0.23679836094379425,Pathogenic,ok
VCV003482049,0.6626289486885071,0.3373710513114929,Pathogenic,ok
VCV003482027,0.1983937919139862,0.8016061782836914,Benign,ok
VCV003482026,0.05890614166855812,0.941093921661377,Benign,ok
VCV003482020,0.581523597240448,0.4184763729572296,Pathogenic,ok
VCV003482019,0.3358392119407654,0.6641607284545898,Benign,ok
VCV003482033,0.4038296043872833,0.5961704254150391,Benign,ok
VCV003482010,0.6095410585403442,0.39045894145965576,Pathogenic,ok
VCV003481999,0.8178773522377014,0.18212270736694336,Pathogenic,ok
VCV003481988,0.21140269935131073,0.7885973453521729,Benign,ok
VCV003481972,0.2530357241630554,0.7469642758369446,Benign,ok
VCV003481944,0.7585271000862122,0.24147292971611023,Pathogenic,ok
VCV003481942,0.5694997906684875,0.43050017952919006,Pathogenic,ok
VCV003481929,0.849230945110321,0.15076902508735657,Pathogenic,ok
VCV003376536,0.5666056275367737,0.43339434266090393,Pathogenic,ok
VCV003336564,0.06842290610074997,0.9315771460533142,Benign,ok
VCV003261646,0.9043155908584595,0.09568443149328232,Pathogenic,ok
VCV003261638,0.8819402456283569,0.11805975437164307,Pathogenic,ok
VCV003261637,0.6282792091369629,0.3717207908630371,Pathogenic,ok
VCV003261636,0.7315642237663269,0.2684357464313507,Pathogenic,ok
VCV003261634,0.5803810358047485,0.41961896419525146,Pathogenic,ok
VCV003261629,0.03601834923028946,0.9639816880226135,Benign,ok
VCV003261630,0.47944170236587524,0.5205583572387695,Benign,ok
VCV003261616,0.3471658229827881,0.6528341174125671,Benign,ok
VCV003261609,0.1841142326593399,0.8158857822418213,Benign,ok
VCV003261615,0.29034706950187683,0.7096529006958008,Benign,ok
VCV003261607,0.18845027685165405,0.811549723148346,Benign,ok
VCV003261604,0.10598365217447281,0.8940163254737854,Benign,ok
VCV003261595,0.7129948139190674,0.287005215883255,Pathogenic,ok
VCV003261573,0.6782334446907043,0.32176655530929565,Pathogenic,ok
VCV003261570,0.6327022314071655,0.36729779839515686,Pathogenic,ok
VCV003261556,0.1486867219209671,0.8513132929801941,Benign,ok
VCV003261551,0.025500616058707237,0.9744994044303894,Benign,ok
VCV003261554,0.06374973803758621,0.9362503290176392,Benign,ok
VCV003261547,0.03557143360376358,0.9644285440444946,Benign,ok
VCV003261538,0.7576780319213867,0.2423219233751297,Pathogenic,ok
VCV003261535,0.13697177171707153,0.8630281686782837,Benign,ok
VCV003261517,0.19473017752170563,0.8052698373794556,Benign,ok
VCV003261503,0.9401331543922424,0.05986684560775757,Pathogenic,ok
VCV003261515,0.3396286964416504,0.6603713035583496,Benign,ok
VCV003256255,0.2725289463996887,0.7274710536003113,Benign,ok
VCV003256252,0.17373542487621307,0.8262645602226257,Benign,ok
VCV003230019,0.8024901747703552,0.1975097805261612,Pathogenic,ok
VCV003248649,0.7366481423377991,0.2633518874645233,Pathogenic,ok
VCV003229883,0.5410524606704712,0.4589475691318512,Pathogenic,ok
VCV003229407,0.758507490158081,0.24149249494075775,Pathogenic,ok
VCV003229931,0.7864536046981812,0.21354638040065765,Pathogenic,ok
VCV003229281,0.7649421691894531,0.23505790531635284,Pathogenic,ok
VCV003229257,0.9443029165267944,0.05569709837436676,Pathogenic,ok
VCV003228853,0.8335084915161133,0.1664915382862091,Pathogenic,ok
VCV003228790,0.3106550872325897,0.6893449425697327,Benign,ok
VCV003229226,0.6296099424362183,0.37039002776145935,Pathogenic,ok
VCV003228404,0.7202752828598022,0.27972468733787537,Pathogenic,ok
VCV003227222,0.2296728640794754,0.770327091217041,Benign,ok
VCV003226569,0.04627462476491928,0.9537253975868225,Benign,ok
VCV003226173,0.000751049374230206,0.9992489218711853,Benign,ok
VCV003226456,0.0135910389944911,0.9864089488983154,Benign,ok
VCV003225537,0.21319475769996643,0.786805272102356,Benign,ok
VCV002920723,0.32348060607910156,0.6765193939208984,Benign,ok
VCV002692062,0.11829587072134018,0.8817041516304016,Benign,ok
VCV002920722,0.0051576211117208,0.9948423504829407,Benign,ok
VCV002692060,0.2509008049964905,0.7490991950035095,Benign,ok
VCV002692059,0.34509143233299255,0.6549085378646851,Benign,ok
VCV002683823,0.3781009018421173,0.6218991279602051,Benign,ok
VCV002692042,0.03256075829267502,0.9674392938613892,Benign,ok
VCV002683821,0.3294009566307068,0.6705990433692932,Benign,ok
VCV002683822,0.44312044978141785,0.5568795204162598,Benign,ok
VCV002683820,0.23243236541748047,0.7675676345825195,Benign,ok
VCV002683818,0.084468312561512,0.9155317544937134,Benign,ok
VCV002683807,0.7093214988708496,0.2906785309314728,Pathogenic,ok
VCV002586302,0.8059136271476746,0.1940864473581314,Pathogenic,ok
VCV002683738,0.2976463735103607,0.7023536562919617,Benign,ok
VCV002586292,0.7881609201431274,0.21183902025222778,Pathogenic,ok
VCV002586289,0.05463038757443428,0.9453696608543396,Benign,ok
VCV002586281,0.6148084998130798,0.38519155979156494,Pathogenic,ok
VCV002586266,0.5468906760215759,0.4531093239784241,Pathogenic,ok
VCV002578326,0.5390360355377197,0.4609639346599579,Pathogenic,ok
VCV002586259,0.8039523959159851,0.1960475742816925,Pathogenic,ok
VCV002566046,0.7557135224342346,0.24428647756576538,Pathogenic,ok
VCV002574094,0.4581572115421295,0.5418427586555481,Benign,ok
VCV002566024,0.7862431406974792,0.21375688910484314,Pathogenic,ok
VCV002565997,0.7817835807800293,0.21821646392345428,Pathogenic,ok
VCV002566001,0.7658584713935852,0.2341414988040924,Pathogenic,ok
VCV002565978,0.20707795023918152,0.7929220795631409,Benign,ok
VCV002565970,0.773690402507782,0.22630956768989563,Pathogenic,ok
VCV002565960,0.5600079894065857,0.4399920105934143,Pathogenic,ok
VCV002565957,0.6871137022972107,0.3128862977027893,Pathogenic,ok
VCV002560930,0.6320716738700867,0.36792832612991333,Pathogenic,ok
VCV002560953,0.7021442651748657,0.2978557348251343,Pathogenic,ok
VCV002468038,0.6935492753982544,0.3064507246017456,Pathogenic,ok
VCV002451547,0.6212543845176697,0.37874555587768555,Pathogenic,ok
VCV002451545,0.820925235748291,0.17907477915287018,Pathogenic,ok
VCV002451481,0.6195160746574402,0.3804839849472046,Pathogenic,ok
VCV002451523,0.03384411334991455,0.9661558866500854,Benign,ok
VCV002451475,0.056483861058950424,0.943516194820404,Benign,ok
VCV002130148,0.2657245099544525,0.7342754602432251,Benign,ok
VCV002098802,0.9399450421333313,0.06005498766899109,Pathogenic,ok
VCV002004176,0.16205482184886932,0.8379451632499695,Benign,ok
VCV002058629,0.6516299843788147,0.3483700156211853,Pathogenic,ok
VCV002000815,0.6717774271965027,0.3282225430011749,Pathogenic,ok
VCV001794778,0.9290775656700134,0.0709223747253418,Pathogenic,ok
VCV001794947,0.05407830327749252,0.9459217190742493,Benign,ok
VCV001792567,0.21811442077159882,0.78188556432724,Benign,ok
VCV001788306,0.03940634801983833,0.9605936408042908,Benign,ok
VCV001786435,0.012989790178835392,0.9870102405548096,Benign,ok
VCV001782985,0.04219089075922966,0.9578090906143188,Benign,ok
VCV001773975,0.9469205141067505,0.0530795119702816,Pathogenic,ok
VCV001766756,0.8108310699462891,0.18916894495487213,Pathogenic,ok
VCV001768781,0.7683426141738892,0.23165743052959442,Pathogenic,ok
VCV001766690,0.781737744808197,0.21826224029064178,Pathogenic,ok
VCV001766554,0.7291837334632874,0.27081626653671265,Pathogenic,ok
VCV001766432,0.6965217590332031,0.3034782409667969,Pathogenic,ok
VCV001766307,0.7465906143188477,0.25340935587882996,Pathogenic,ok
VCV001766018,0.6807665228843689,0.3192335069179535,Pathogenic,ok
VCV001765893,0.7477625608444214,0.2522374093532562,Pathogenic,ok
VCV001766015,0.7670701742172241,0.23292985558509827,Pathogenic,ok
VCV001765692,0.6897045373916626,0.310295432806015,Pathogenic,ok
VCV001765242,0.6677455306053162,0.33225443959236145,Pathogenic,ok
VCV001765160,0.622577965259552,0.3774220645427704,Pathogenic,ok
VCV001764893,0.5820128321647644,0.4179871678352356,Pathogenic,ok
VCV001764884,0.5697569251060486,0.4302430748939514,Pathogenic,ok
VCV001764821,0.5379331707954407,0.4620668292045593,Pathogenic,ok
VCV001764459,0.5540833473205566,0.44591668248176575,Pathogenic,ok
VCV001764232,0.6805899143218994,0.3194100558757782,Pathogenic,ok
VCV001764198,0.709261953830719,0.2907380163669586,Pathogenic,ok
VCV001764138,0.6101489067077637,0.3898511230945587,Pathogenic,ok
VCV001764043,0.9451287388801575,0.05487123876810074,Pathogenic,ok
VCV001763584,0.8437215089797974,0.1562785655260086,Pathogenic,ok
VCV001763177,0.7979402542114258,0.20205970108509064,Pathogenic,ok
VCV001763512,0.8845322132110596,0.11546780914068222,Pathogenic,ok
VCV001763171,0.6830743551254272,0.31692567467689514,Pathogenic,ok
VCV001763091,0.9110156893730164,0.08898426592350006,Pathogenic,ok
VCV001762491,0.6189789175987244,0.381021112203598,Pathogenic,ok
VCV001762638,0.664758563041687,0.3352414667606354,Pathogenic,ok
VCV001762096,0.6536640524864197,0.3463359773159027,Pathogenic,ok
VCV001762009,0.5320521593093872,0.4679478704929352,Pathogenic,ok
VCV001761955,0.655417799949646,0.344582200050354,Pathogenic,ok
VCV001761065,0.6975811719894409,0.30241885781288147,Pathogenic,ok
VCV001761059,0.20698413252830505,0.7930158972740173,Benign,ok
VCV001760509,0.1725018322467804,0.827498197555542,Benign,ok
VCV001760404,0.7928135395050049,0.20718640089035034,Pathogenic,ok
VCV001759631,0.8672515153884888,0.13274851441383362,Pathogenic,ok
VCV001759289,0.7655149698257446,0.23448500037193298,Pathogenic,ok
VCV001759029,0.7932885885238647,0.20671136677265167,Pathogenic,ok
VCV001759001,0.8445892333984375,0.1554107666015625,Pathogenic,ok
VCV001758573,0.23820216953754425,0.7617977857589722,Benign,ok
VCV001758457,0.014962779358029366,0.9850372672080994,Benign,ok
VCV001758423,0.8371744751930237,0.16282550990581512,Pathogenic,ok
VCV001755849,0.6167754530906677,0.3832245469093323,Pathogenic,ok
VCV001757403,0.6532168388366699,0.3467831611633301,Pathogenic,ok
VCV001755661,0.43801936507225037,0.561980664730072,Benign,ok
VCV001754091,0.4971170425415039,0.5028828978538513,Benign,ok
VCV001752192,0.20452767610549927,0.7954723238945007,Benign,ok
VCV001749822,0.21981440484523773,0.7801855206489563,Benign,ok
VCV001749615,0.46418750286102295,0.5358124375343323,Benign,ok
VCV001747811,0.3124927580356598,0.6875072717666626,Benign,ok
VCV001743239,0.18382805585861206,0.8161719441413879,Benign,ok
VCV001710049,0.0998033955693245,0.9001966118812561,Benign,ok
VCV001737670,0.26700669527053833,0.7329933047294617,Benign,ok
VCV001708988,0.7465011477470398,0.2534988820552826,Pathogenic,ok
VCV001687144,0.0067290798760950565,0.9932709336280823,Benign,ok
VCV001687121,0.07859724014997482,0.9214027523994446,Benign,ok
VCV001684754,0.7485209703445435,0.25147902965545654,Pathogenic,ok
VCV001684735,0.19081434607505798,0.8091856241226196,Benign,ok
VCV001671339,0.26217690110206604,0.7378230690956116,Benign,ok
VCV001651000,0.4489710330963135,0.5510289669036865,Benign,ok
VCV001505734,0.741174578666687,0.2588253617286682,Pathogenic,ok
VCV001487627,0.6992900967597961,0.30070987343788147,Pathogenic,ok
VCV001582641,0.5999361276626587,0.4000638723373413,Pathogenic,ok
VCV001484629,0.9165574908256531,0.08344248682260513,Pathogenic,ok
VCV004758197,0.9364163875579834,0.0635836273431778,Pathogenic,ok
VCV004553123,0.9939278364181519,0.006072091870009899,Pathogenic,ok
VCV004279056,0.9141115546226501,0.08588839322328568,Pathogenic,ok
VCV004757808,0.9948362112045288,0.005163795314729214,Pathogenic,ok
VCV004189271,0.9668172001838684,0.033182814717292786,Pathogenic,ok
VCV004189263,0.9976213574409485,0.002378626260906458,Pathogenic,ok
VCV004189261,0.9277348518371582,0.07226511836051941,Pathogenic,ok
VCV004189258,0.9941417574882507,0.005858185701072216,Pathogenic,ok
VCV004189250,0.9985017776489258,0.0014982296852394938,Pathogenic,ok
VCV004056245,0.9612842798233032,0.03871570900082588,Pathogenic,ok
VCV003972460,0.993062436580658,0.006937560625374317,Pathogenic,ok
VCV003972458,0.9964775443077087,0.0035224994644522667,Pathogenic,ok
VCV003972456,0.9852927327156067,0.014707261696457863,Pathogenic,ok
VCV003972449,0.9966545104980469,0.00334544968791306,Pathogenic,ok
VCV003972448,0.9736053347587585,0.026394609361886978,Pathogenic,ok
VCV003893309,0.9919764399528503,0.00802360288798809,Pathogenic,ok
VCV003809683,0.9810501933097839,0.018949806690216064,Pathogenic,ok
VCV003809687,0.9852898716926575,0.01471010036766529,Pathogenic,ok
VCV003809674,0.9882149696350098,0.011784987524151802,Pathogenic,ok
VCV003809673,0.987564742565155,0.01243528164923191,Pathogenic,ok
VCV003602769,0.9877419471740723,0.012257995083928108,Pathogenic,ok
VCV003634432,0.966305673122406,0.033694297075271606,Pathogenic,ok
VCV003460339,0.982465386390686,0.01753457821905613,Pathogenic,ok
VCV003460333,0.9771558046340942,0.022844241932034492,Pathogenic,ok
VCV003460336,0.753467857837677,0.24653209745883942,Pathogenic,ok
VCV003460327,0.99710613489151,0.002893859753385186,Pathogenic,ok
VCV001744513,0.9653384685516357,0.034661535173654556,Pathogenic,ok
VCV003460312,0.963799238204956,0.036200761795043945,Pathogenic,ok
VCV003460325,0.9876850843429565,0.012314866296947002,Pathogenic,ok
VCV003460308,0.9757212400436401,0.024278756231069565,Pathogenic,ok
VCV003460301,0.9779264330863953,0.022073617205023766,Pathogenic,ok
VCV003328171,0.9599188566207886,0.040081195533275604,Pathogenic,ok
VCV003328169,0.9981465339660645,0.001853429595939815,Pathogenic,ok
VCV003460304,0.9871039986610413,0.012896005995571613,Pathogenic,ok
VCV003328160,0.9934760928153992,0.006523936055600643,Pathogenic,ok
VCV003328162,0.9967791438102722,0.003220899496227503,Pathogenic,ok
VCV003328154,0.9832019209861755,0.016798021271824837,Pathogenic,ok
VCV003328150,0.8580501675605774,0.1419498771429062,Pathogenic,ok
VCV003256325,0.9957379102706909,0.00426210043951869,Pathogenic,ok
VCV003232058,0.7062435746192932,0.2937564253807068,Pathogenic,ok
VCV003147994,0.995236873626709,0.0047631412744522095,Pathogenic,ok
VCV003232047,0.9934985637664795,0.00650140130892396,Pathogenic,ok
VCV002795844,0.9676381349563599,0.032361872494220734,Pathogenic,ok
VCV002757236,0.9915955662727356,0.008404421620070934,Pathogenic,ok
VCV002702402,0.9839544296264648,0.016045520082116127,Pathogenic,ok
VCV002758378,0.9583163857460022,0.041683632880449295,Pathogenic,ok
VCV002683739,0.9937166571617126,0.0062833125703036785,Pathogenic,ok
VCV002671888,0.9963703155517578,0.0036297300830483437,Pathogenic,ok
VCV002627017,0.9815496802330017,0.018450334668159485,Pathogenic,ok
VCV002585882,0.9945971965789795,0.005402757786214352,Pathogenic,ok
VCV002585878,0.9755411148071289,0.02445884235203266,Pathogenic,ok
VCV002578516,0.9943050742149353,0.00569496164098382,Pathogenic,ok
VCV002575177,0.9926871061325073,0.007312903646379709,Pathogenic,ok
VCV002578514,0.9973383545875549,0.0026616225950419903,Pathogenic,ok
VCV002575170,0.9972534775733948,0.0027465038001537323,Pathogenic,ok
VCV002575169,0.9967911839485168,0.0032087774015963078,Pathogenic,ok
VCV002505496,0.9792091846466064,0.02079080231487751,Pathogenic,ok
VCV002502882,0.9854571223258972,0.014542861841619015,Pathogenic,ok
VCV002450759,0.9959141612052917,0.004085847642272711,Pathogenic,ok
VCV002450758,0.9979828596115112,0.0020171604119241238,Pathogenic,ok
VCV002450754,0.9949967861175537,0.00500324834138155,Pathogenic,ok
VCV002450740,0.9754554033279419,0.024544591084122658,Pathogenic,ok
VCV002446885,0.9877758026123047,0.012224209494888783,Pathogenic,ok
VCV002450750,0.9974268078804016,0.002573128556832671,Pathogenic,ok
VCV002125367,0.9224266409873962,0.07757330685853958,Pathogenic,ok
VCV001798385,0.9967834949493408,0.003216504119336605,Pathogenic,ok
VCV001790705,0.9867271780967712,0.013272750191390514,Pathogenic,ok
VCV001796426,0.9492601156234741,0.05073989927768707,Pathogenic,ok
VCV001781085,0.9810895323753357,0.018910488113760948,Pathogenic,ok
VCV001797938,0.9977374076843262,0.00226254528388381,Pathogenic,ok
VCV001783578,0.8963576555252075,0.10364235192537308,Pathogenic,ok
VCV001778520,0.9788524508476257,0.021147513762116432,Pathogenic,ok
VCV001778944,0.9812901616096497,0.018709849566221237,Pathogenic,ok
VCV001775423,0.9925190210342407,0.007480941712856293,Pathogenic,ok
VCV001768732,0.998042106628418,0.0019578628707677126,Pathogenic,ok
VCV001767161,0.9853501319885254,0.014649840071797371,Pathogenic,ok
VCV001766672,0.9967724680900574,0.003227515146136284,Pathogenic,ok
VCV001766454,0.9860754609107971,0.013924511149525642,Pathogenic,ok
VCV001765377,0.997295081615448,0.0027049113996326923,Pathogenic,ok
VCV001761541,0.996567964553833,0.0034320231061428785,Pathogenic,ok
VCV001759327,0.989408016204834,0.01059192419052124,Pathogenic,ok
VCV001759844,0.9865462779998779,0.013453736901283264,Pathogenic,ok
VCV001758655,0.9968857169151306,0.0031143203377723694,Pathogenic,ok
VCV001754112,0.9865573048591614,0.013442742638289928,Pathogenic,ok
VCV001757269,0.9923102855682373,0.007689720951020718,Pathogenic,ok
VCV001748280,0.9838993549346924,0.01610066182911396,Pathogenic,ok
VCV001752332,0.9852049350738525,0.01479512918740511,Pathogenic,ok
VCV001745525,0.9782755374908447,0.021724466234445572,Pathogenic,ok
VCV001744933,0.9858168959617615,0.014183028601109982,Pathogenic,ok
VCV001741120,0.9970625042915344,0.002937505254521966,Pathogenic,ok
VCV001737684,0.9964885711669922,0.0035114295314997435,Pathogenic,ok
VCV001735669,0.9557111263275146,0.04428888112306595,Pathogenic,ok
VCV001737291,0.9968648552894592,0.003135083243250847,Pathogenic,ok
VCV001735082,0.9974246025085449,0.0025754820089787245,Pathogenic,ok
VCV001730178,0.9821653962135315,0.01783459261059761,Pathogenic,ok
VCV001518844,0.9960216879844666,0.003978305961936712,Pathogenic,ok
VCV001172923,0.9892431497573853,0.010756832547485828,Pathogenic,ok
VCV001469551,0.9792832732200623,0.0207167100161314,Pathogenic,ok
VCV001067910,0.980064332485199,0.01993558742105961,Pathogenic,ok
VCV001026335,0.9671943187713623,0.03280571475625038,Pathogenic,ok
VCV001019612,0.9969447255134583,0.0030552914831787348,Pathogenic,ok
VCV000988617,0.9807635545730591,0.019236404448747635,Pathogenic,ok
VCV000953467,0.993787944316864,0.006212009582668543,Pathogenic,ok
VCV000959232,0.9918254613876343,0.008174514397978783,Pathogenic,ok
VCV000934410,0.9649518132209778,0.035048145800828934,Pathogenic,ok
VCV000947223,0.9861617088317871,0.013838325627148151,Pathogenic,ok
VCV000924895,0.9843936562538147,0.015606391243636608,Pathogenic,ok
VCV000856299,0.9965322017669678,0.0034677498042583466,Pathogenic,ok
VCV000915695,0.9842239618301392,0.01577596925199032,Pathogenic,ok
VCV000856171,0.9718950390815735,0.028104979544878006,Pathogenic,ok
VCV000850008,0.9923458099365234,0.007654148619621992,Pathogenic,ok
VCV000827313,0.9960399866104126,0.00396002409979701,Pathogenic,ok
VCV000825729,0.9381474852561951,0.06185254827141762,Pathogenic,ok
VCV000827132,0.9840657114982605,0.01593431644141674,Pathogenic,ok
VCV000824998,0.9873331785202026,0.012666750699281693,Pathogenic,ok
VCV000824351,0.9484903216362,0.05150970444083214,Pathogenic,ok
VCV000824232,0.9878429174423218,0.012157062068581581,Pathogenic,ok
VCV000823452,0.9782583117485046,0.021741637960076332,Pathogenic,ok
VCV000822586,0.9754793047904968,0.024520710110664368,Pathogenic,ok
VCV000820048,0.9788215160369873,0.021178463473916054,Pathogenic,ok
VCV000804214,0.9842503070831299,0.01574966311454773,Pathogenic,ok
VCV000656751,0.9869900345802307,0.013010016642510891,Pathogenic,ok
VCV000634773,0.9934811592102051,0.006518894340842962,Pathogenic,ok
VCV000634784,0.9899745583534241,0.010025403462350368,Pathogenic,ok
VCV000634770,0.9967432618141174,0.0032567265443503857,Pathogenic,ok
VCV000634768,0.980369508266449,0.0196305513381958,Pathogenic,ok
VCV000634747,0.9949447512626648,0.00505527900531888,Pathogenic,ok
VCV000634682,0.9953505992889404,0.004649417940527201,Pathogenic,ok
VCV000634756,0.9950403571128845,0.004959599580615759,Pathogenic,ok
VCV000584921,0.9834976196289062,0.016502385959029198,Pathogenic,ok
VCV000575702,0.9898079037666321,0.010192166082561016,Pathogenic,ok
VCV000634690,0.9750655889511108,0.024934398010373116,Pathogenic,ok
VCV000574679,0.9962201714515686,0.0037799051497131586,Pathogenic,ok
VCV000528248,0.9884967803955078,0.011503280140459538,Pathogenic,ok
VCV000492752,0.9817280769348145,0.018271952867507935,Pathogenic,ok
VCV000492650,0.33421456813812256,0.6657854318618774,Benign,ok
VCV000492647,0.9814344644546509,0.018565556034445763,Pathogenic,ok
VCV000492646,0.08165167272090912,0.9183483719825745,Benign,ok
VCV000492645,0.9887149930000305,0.011285008862614632,Pathogenic,ok
VCV000492644,0.9620472192764282,0.03795280680060387,Pathogenic,ok
VCV000492638,0.9941879510879517,0.005811991170048714,Pathogenic,ok
VCV000492635,0.9981243014335632,0.0018756891367956996,Pathogenic,ok
VCV000492637,0.9821511507034302,0.017848821356892586,Pathogenic,ok
VCV000485049,0.9752799272537231,0.02472010627388954,Pathogenic,ok
VCV000485029,0.9937746524810791,0.006225332617759705,Pathogenic,ok
VCV000485027,0.9913294315338135,0.00867049116641283,Pathogenic,ok
VCV000482223,0.9687839150428772,0.03121604584157467,Pathogenic,ok
VCV000480961,0.9910737872123718,0.008926253765821457,Pathogenic,ok
VCV000480764,0.9938114285469055,0.006188648287206888,Pathogenic,ok
VCV000480953,0.9827879071235657,0.017212051898241043,Pathogenic,ok
VCV000458566,0.9973824620246887,0.002617554273456335,Pathogenic,ok
VCV000458560,0.9933502078056335,0.006649800576269627,Pathogenic,ok
VCV000458547,0.9877728819847107,0.01222714688628912,Pathogenic,ok
VCV000458545,0.9720253348350525,0.027974605560302734,Pathogenic,ok
VCV000428902,0.9884451627731323,0.011554854921996593,Pathogenic,ok
VCV000428884,0.9873685240745544,0.01263146661221981,Pathogenic,ok
VCV000428879,0.9972967505455017,0.0027032180223613977,Pathogenic,ok
VCV000428876,0.998261034488678,0.0017389279091730714,Pathogenic,ok
VCV000428873,0.9658834338188171,0.03411659225821495,Pathogenic,ok
VCV000428862,0.9968475699424744,0.003152367891743779,Pathogenic,ok
VCV000428867,0.9941275119781494,0.005872482433915138,Pathogenic,ok
VCV000420136,0.9969968795776367,0.003003152087330818,Pathogenic,ok
VCV000419837,0.9780338406562805,0.02196616493165493,Pathogenic,ok
VCV000451799,0.9838979840278625,0.016101989895105362,Pathogenic,ok
VCV000420133,0.9959468245506287,0.004053175449371338,Pathogenic,ok
VCV000418517,0.9169675707817078,0.08303247392177582,Pathogenic,ok
VCV000406601,0.9859020709991455,0.014097904786467552,Pathogenic,ok
VCV000406605,0.9665237069129944,0.033476293087005615,Pathogenic,ok
VCV000406597,0.9884297847747803,0.011570172384381294,Pathogenic,ok
VCV000406578,0.9826184511184692,0.01738150231540203,Pathogenic,ok
VCV000406577,0.984372615814209,0.015627421438694,Pathogenic,ok
VCV000406575,0.1448075771331787,0.8551924228668213,Benign,ok
VCV000406568,0.9940417408943176,0.005958254914730787,Pathogenic,ok
VCV000406574,0.9882745742797852,0.011725388467311859,Pathogenic,ok
VCV000406564,0.9860591292381287,0.013940929435193539,Pathogenic,ok
VCV000376692,0.9879952073097229,0.012004817835986614,Pathogenic,ok
VCV000376691,0.9905208349227905,0.009479192085564137,Pathogenic,ok
VCV000376687,0.9643065929412842,0.03569338843226433,Pathogenic,ok
VCV000376686,0.9848966598510742,0.015103409998118877,Pathogenic,ok
VCV000376685,0.9893262386322021,0.01067372877150774,Pathogenic,ok
VCV000376681,0.9811819195747375,0.01881803572177887,Pathogenic,ok
VCV000376680,0.9529915452003479,0.04700850322842598,Pathogenic,ok
VCV000376668,0.9809786081314087,0.01902136579155922,Pathogenic,ok
VCV000376667,0.953321635723114,0.0466783381998539,Pathogenic,ok
VCV000376665,0.9963372945785522,0.003662737552076578,Pathogenic,ok
VCV000376663,0.9946876764297485,0.005312265362590551,Pathogenic,ok
VCV000376656,0.9966578483581543,0.003342192154377699,Pathogenic,ok
VCV000376659,0.9944702386856079,0.005529805086553097,Pathogenic,ok
VCV000376655,0.9951145648956299,0.004885372705757618,Pathogenic,ok
VCV000376652,0.9951452612876892,0.004854700993746519,Pathogenic,ok
VCV000376649,0.9111595749855042,0.08884038776159286,Pathogenic,ok
VCV000376643,0.9966261386871338,0.0033738776110112667,Pathogenic,ok
VCV000376642,0.976983368396759,0.02301655523478985,Pathogenic,ok
VCV000376641,0.9886383414268494,0.011361709795892239,Pathogenic,ok
VCV000376637,0.9932957291603088,0.006704298779368401,Pathogenic,ok
VCV000376640,0.9921090006828308,0.007891013287007809,Pathogenic,ok
VCV000376636,0.9969552755355835,0.0030446865130215883,Pathogenic,ok
VCV000376633,0.981500506401062,0.01849951408803463,Pathogenic,ok
VCV000376632,0.968985915184021,0.03101404570043087,Pathogenic,ok
VCV000376630,0.9719545245170593,0.028045475482940674,Pathogenic,ok
VCV000376631,0.9805656671524048,0.01943437196314335,Pathogenic,ok
VCV000376625,0.7417986989021301,0.2582013010978699,Pathogenic,ok
VCV000376624,0.9811303019523621,0.018869709223508835,Pathogenic,ok
VCV000376615,0.9474063515663147,0.05259363353252411,Pathogenic,ok
VCV000376612,0.9587778449058533,0.04122214764356613,Pathogenic,ok
VCV000376616,0.9830894470214844,0.016910593956708908,Pathogenic,ok
VCV000376610,0.9897500872612,0.010249966755509377,Pathogenic,ok
VCV000376607,0.9849890470504761,0.015010925941169262,Pathogenic,ok
VCV000376606,0.9839147329330444,0.01608532853424549,Pathogenic,ok
VCV000376605,0.9981297850608826,0.001870277221314609,Pathogenic,ok
VCV000376603,0.9941866397857666,0.005813397001475096,Pathogenic,ok
VCV000376600,0.9947022795677185,0.005297651514410973,Pathogenic,ok
VCV000376601,0.995618462562561,0.004381537903100252,Pathogenic,ok
VCV000376598,0.995674192905426,0.004325782880187035,Pathogenic,ok
VCV000376594,0.890796959400177,0.10920305550098419,Pathogenic,ok
VCV000376593,0.9952743053436279,0.00472567742690444,Pathogenic,ok
VCV000376693,0.9933155179023743,0.0066844807006418705,Pathogenic,ok
VCV000376588,0.9951983094215393,0.0048017618246376514,Pathogenic,ok
VCV000376589,0.9931173324584961,0.006882642861455679,Pathogenic,ok
VCV000376586,0.9946744441986084,0.005325555335730314,Pathogenic,ok
VCV000376585,0.9950240254402161,0.004975905641913414,Pathogenic,ok
VCV000376582,0.9968612194061279,0.0031388094648718834,Pathogenic,ok
VCV000376580,0.9962053894996643,0.003794597927480936,Pathogenic,ok
VCV000376577,0.9895308017730713,0.010469144210219383,Pathogenic,ok
VCV000376575,0.9925618767738342,0.007438089698553085,Pathogenic,ok
VCV000376574,0.997246503829956,0.002753570908680558,Pathogenic,ok
VCV000376576,0.9779532551765442,0.02204672433435917,Pathogenic,ok
VCV000376564,0.9885508418083191,0.011449195444583893,Pathogenic,ok
VCV000376563,0.9834960699081421,0.016503870487213135,Pathogenic,ok
VCV000376560,0.9747667908668518,0.02523317001760006,Pathogenic,ok
VCV000376017,0.9731795191764832,0.026820501312613487,Pathogenic,ok
VCV000376559,0.9894067645072937,0.010593254119157791,Pathogenic,ok
VCV000376015,0.9727449417114258,0.02725510485470295,Pathogenic,ok
VCV000372785,0.9955605268478394,0.004439464304596186,Pathogenic,ok
VCV000325650,0.0018540385644882917,0.9981459379196167,Benign,ok
VCV000261002,0.8223510384559631,0.17764897644519806,Pathogenic,ok
VCV000261001,0.0012125861831009388,0.9987874627113342,Benign,ok
VCV000246416,0.9647824764251709,0.035217493772506714,Pathogenic,ok
VCV000246118,0.9873602986335754,0.012639699503779411,Pathogenic,ok
VCV000246221,0.9901044964790344,0.009895522147417068,Pathogenic,ok
VCV000245777,0.9948221445083618,0.0051778205670416355,Pathogenic,ok
VCV000245711,0.9865169525146484,0.013483033515512943,Pathogenic,ok
VCV000237954,0.9968499541282654,0.0031500705517828465,Pathogenic,ok
VCV000237941,0.9049109816551208,0.09508901089429855,Pathogenic,ok
VCV000237938,0.9959568381309509,0.004043197724968195,Pathogenic,ok
VCV000234059,0.9957180619239807,0.0042819431982934475,Pathogenic,ok
VCV000233951,0.9630693197250366,0.036930713802576065,Pathogenic,ok
VCV000233627,0.9841561913490295,0.015843769535422325,Pathogenic,ok
VCV000233136,0.9596022963523865,0.040397729724645615,Pathogenic,ok
VCV000232497,0.9945623278617859,0.005437699146568775,Pathogenic,ok
VCV000231868,0.9874470829963684,0.012552945874631405,Pathogenic,ok
VCV000231485,0.9984788298606873,0.001521121826954186,Pathogenic,ok
VCV000231387,0.9715405106544495,0.028459539636969566,Pathogenic,ok
VCV000231214,0.9856756329536438,0.014324340969324112,Pathogenic,ok
VCV000231060,0.9947054982185364,0.005294544622302055,Pathogenic,ok
VCV000231165,0.9777881503105164,0.02221187949180603,Pathogenic,ok
VCV000231033,0.9958874583244324,0.004112560767680407,Pathogenic,ok
VCV000231015,0.9827651381492615,0.017234910279512405,Pathogenic,ok
VCV000231008,0.9939371347427368,0.006062826607376337,Pathogenic,ok
VCV000230758,0.9582101702690125,0.041789859533309937,Pathogenic,ok
VCV000230477,0.9854432344436646,0.014556782320141792,Pathogenic,ok
VCV000230269,0.9964509010314941,0.003549078945070505,Pathogenic,ok
VCV000230382,0.9971530437469482,0.0028468850068747997,Pathogenic,ok
VCV000230256,0.6058424115180969,0.39415761828422546,Pathogenic,ok
VCV000230253,0.9958892464637756,0.004110716283321381,Pathogenic,ok
VCV000229693,0.9821661114692688,0.017833881080150604,Pathogenic,ok
VCV000230006,0.9879264831542969,0.012073544785380363,Pathogenic,ok
VCV000219759,0.9844825267791748,0.015517526306211948,Pathogenic,ok
VCV000376569,0.9837291836738586,0.016270773485302925,Pathogenic,ok
VCV000219532,0.9873479604721069,0.012652035802602768,Pathogenic,ok
VCV000216472,0.9843845367431641,0.015615478157997131,Pathogenic,ok
VCV000216471,0.9958772659301758,0.004122675862163305,Pathogenic,ok
VCV000216465,0.9869785308837891,0.01302141509950161,Pathogenic,ok
VCV000216469,0.9921841025352478,0.00781592633575201,Pathogenic,ok
VCV000216464,0.9839286804199219,0.01607133448123932,Pathogenic,ok
VCV000216077,0.9466869235038757,0.053313083946704865,Pathogenic,ok
VCV000216463,0.9960044026374817,0.0039956048130989075,Pathogenic,ok
VCV000215997,0.9942052960395813,0.005794708617031574,Pathogenic,ok
VCV000215996,0.9951432943344116,0.004856702871620655,Pathogenic,ok
VCV000188060,0.9842665791511536,0.01573338732123375,Pathogenic,ok
VCV000186762,0.9964380264282227,0.0035619705449789762,Pathogenic,ok
VCV000186451,0.9768581390380859,0.023141851648688316,Pathogenic,ok
VCV000185814,0.9883175492286682,0.011682428419589996,Pathogenic,ok
VCV000186363,0.9804025888442993,0.019597405567765236,Pathogenic,ok
VCV000185319,0.9774587750434875,0.022541241720318794,Pathogenic,ok
VCV000185404,0.9788329005241394,0.02116703987121582,Pathogenic,ok
VCV000185212,0.9924087524414062,0.007591245695948601,Pathogenic,ok
VCV000184979,0.879067063331604,0.12093297392129898,Pathogenic,ok
VCV000185120,0.7023833394050598,0.2976166605949402,Pathogenic,ok
VCV000184863,0.9817857146263123,0.01821429468691349,Pathogenic,ok
VCV000184745,0.9438091516494751,0.05619078502058983,Pathogenic,ok
VCV000184014,0.9823060631752014,0.01769397407770157,Pathogenic,ok
VCV000183752,0.9959309697151184,0.004069064743816853,Pathogenic,ok
VCV000182968,0.995628833770752,0.004371205344796181,Pathogenic,ok
VCV000182965,0.9780641794204712,0.021935800090432167,Pathogenic,ok
VCV000182963,0.9832503199577332,0.016749689355492592,Pathogenic,ok
VCV000182946,0.9777441620826721,0.022255778312683105,Pathogenic,ok
VCV000182939,0.9418813586235046,0.05811867117881775,Pathogenic,ok
VCV000182937,0.99565589427948,0.004344113636761904,Pathogenic,ok
VCV000182935,0.9966502785682678,0.003349738661199808,Pathogenic,ok
VCV000182926,0.9845603704452515,0.015439577400684357,Pathogenic,ok
VCV000182925,0.9862565398216248,0.01374343317002058,Pathogenic,ok
VCV000182928,0.968292236328125,0.03170783072710037,Pathogenic,ok
VCV000182922,0.983302652835846,0.016697390004992485,Pathogenic,ok
VCV000177879,0.9971044659614563,0.002895480953156948,Pathogenic,ok
VCV000177791,0.9959022402763367,0.004097768571227789,Pathogenic,ok
VCV000161518,0.837067723274231,0.16293226182460785,Pathogenic,ok
VCV000161515,0.9975231289863586,0.0024768770672380924,Pathogenic,ok
VCV000161516,0.965229868888855,0.03477013483643532,Pathogenic,ok
VCV000142854,0.976538896560669,0.02346106991171837,Pathogenic,ok
VCV000142828,0.9959343671798706,0.004065617453306913,Pathogenic,ok
VCV000142714,0.9966574907302856,0.003342538373544812,Pathogenic,ok
VCV000142766,0.9854028224945068,0.014597180299460888,Pathogenic,ok
VCV000142657,0.9863166213035583,0.013683382421731949,Pathogenic,ok
VCV000142562,0.9802840352058411,0.01971598155796528,Pathogenic,ok
VCV000142624,0.9791550040245056,0.02084498666226864,Pathogenic,ok
VCV000142536,0.9814795851707458,0.018520373851060867,Pathogenic,ok
VCV000142431,0.9738272428512573,0.026172837242484093,Pathogenic,ok
VCV000142386,0.7842293977737427,0.21577060222625732,Pathogenic,ok
VCV000142332,0.9933653473854065,0.006634622812271118,Pathogenic,ok
VCV000142320,0.44849151372909546,0.5515085458755493,Benign,ok
VCV000142273,0.9691094756126404,0.030890537425875664,Pathogenic,ok
VCV000142003,0.9803293943405151,0.019670553505420685,Pathogenic,ok
VCV000141893,0.9961866736412048,0.0038133414927870035,Pathogenic,ok
VCV000141963,0.9820240139961243,0.017976054921746254,Pathogenic,ok
VCV000141764,0.9950708150863647,0.004929218906909227,Pathogenic,ok
VCV000141597,0.9722108840942383,0.02778911590576172,Pathogenic,ok
VCV000141566,0.986339807510376,0.01366017572581768,Pathogenic,ok
VCV000141547,0.9349764585494995,0.06502353399991989,Pathogenic,ok
VCV000141483,0.9875369668006897,0.012462996877729893,Pathogenic,ok
VCV000141425,0.996503472328186,0.0034964783117175102,Pathogenic,ok
VCV000141359,0.9878671169281006,0.012132908217608929,Pathogenic,ok
VCV000141228,0.6891308426856995,0.31086909770965576,Pathogenic,ok
VCV000141159,0.9918516278266907,0.008148360066115856,Pathogenic,ok
VCV000141224,0.9920564293861389,0.007943560369312763,Pathogenic,ok
VCV000141141,0.9959713816642761,0.004028649535030127,Pathogenic,ok
VCV000141102,0.9979477524757385,0.002052248688414693,Pathogenic,ok
VCV000141101,0.8693193197250366,0.13068073987960815,Pathogenic,ok
VCV000140833,0.9585837721824646,0.04141619801521301,Pathogenic,ok
VCV000141056,0.9815264344215393,0.018473593518137932,Pathogenic,ok
VCV000140821,0.9947454929351807,0.005254553165286779,Pathogenic,ok
VCV000140801,0.9774075150489807,0.022592466324567795,Pathogenic,ok
VCV000140786,0.9642820954322815,0.03571797162294388,Pathogenic,ok
VCV000140782,0.9799823760986328,0.020017579197883606,Pathogenic,ok
VCV000135948,0.9718934893608093,0.02810654044151306,Pathogenic,ok
VCV000135361,0.994650661945343,0.0053493669256567955,Pathogenic,ok
VCV000135360,0.9971460700035095,0.002853881102055311,Pathogenic,ok
VCV000135359,0.9875375628471375,0.012462416663765907,Pathogenic,ok
VCV000132973,0.9974337220191956,0.002566307783126831,Pathogenic,ok
VCV000127826,0.9939570426940918,0.006042966619133949,Pathogenic,ok
VCV000127825,0.9971262812614441,0.002873755991458893,Pathogenic,ok
VCV000127823,0.9958183169364929,0.004181716125458479,Pathogenic,ok
VCV000127821,0.9943751096725464,0.00562495831400156,Pathogenic,ok
VCV000127819,0.9685331583023071,0.03146689757704735,Pathogenic,ok
VCV000127820,0.9823186993598938,0.017681289464235306,Pathogenic,ok
VCV000127817,0.8804329037666321,0.1195671334862709,Pathogenic,ok
VCV000127824,0.9968595504760742,0.0031403987668454647,Pathogenic,ok
VCV000127816,0.8391193151473999,0.1608806550502777,Pathogenic,ok
VCV000127814,0.9715988039970398,0.028401263058185577,Pathogenic,ok
VCV000127815,0.9774670004844666,0.022533023729920387,Pathogenic,ok
VCV000127806,0.9299582839012146,0.07004169374704361,Pathogenic,ok
VCV000100816,0.9708120226860046,0.029187936335802078,Pathogenic,ok
VCV000127808,0.97468501329422,0.025314975529909134,Pathogenic,ok
VCV000100815,0.9889413714408875,0.011058693751692772,Pathogenic,ok
VCV000080708,0.9975298047065735,0.0024701685179024935,Pathogenic,ok
VCV000043594,0.9946710467338562,0.005328931380063295,Pathogenic,ok
VCV000043587,0.9978945851325989,0.0021054719109088182,Pathogenic,ok
VCV000012383,0.9792948961257935,0.020705122500658035,Pathogenic,ok
VCV000012384,0.9965752959251404,0.003424684051424265,Pathogenic,ok
VCV000012379,0.9955171942710876,0.004482808522880077,Pathogenic,ok
VCV000012376,0.9906432032585144,0.009356863796710968,Pathogenic,ok
VCV000012374,0.9658952355384827,0.03410472720861435,Pathogenic,ok
VCV000012375,0.9913284182548523,0.008671581745147705,Pathogenic,ok
VCV000043588,0.9778410792350769,0.022158995270729065,Pathogenic,ok
VCV000012370,0.9852330088615417,0.01476697064936161,Pathogenic,ok
VCV000012368,0.9735488295555115,0.02645113505423069,Pathogenic,ok
VCV000012369,0.991256833076477,0.00874311849474907,Pathogenic,ok
VCV000012366,0.9932286143302917,0.006771389860659838,Pathogenic,ok
VCV000012365,0.9950090646743774,0.004990957677364349,Pathogenic,ok
VCV000012364,0.9952503442764282,0.004749611485749483,Pathogenic,ok
VCV000012359,0.9948804378509521,0.005119535140693188,Pathogenic,ok
VCV000012358,0.9967227578163147,0.003277270821854472,Pathogenic,ok
VCV000012357,0.9765764474868774,0.02342350408434868,Pathogenic,ok
VCV000012356,0.9932631850242615,0.00673679681494832,Pathogenic,ok
VCV000012355,0.993563175201416,0.006436895113438368,Pathogenic,ok
VCV000012354,0.9874927997589111,0.012507178820669651,Pathogenic,ok
VCV000012353,0.9802955985069275,0.019704412668943405,Pathogenic,ok
VCV000012352,0.9960501790046692,0.003949829842895269,Pathogenic,ok
VCV000012349,0.9948468208312988,0.005153145641088486,Pathogenic,ok
VCV000012348,0.9915408492088318,0.008459126576781273,Pathogenic,ok
VCV000012347,0.991401731967926,0.008598251268267632,Pathogenic,ok
VCV000012351,0.48841750621795654,0.5115824937820435,Benign,ok
