variation_id,gnomad_af,phylop,status
VCV004758075,,-1.01,ok
VCV004684220,,-1.03,ok
VCV004625766,,-4.72,ok
VCV004625758,6.841e-07,-2.41,ok
VCV004625747,,-5.53,ok
VCV004539184,1.368e-06,-0.735,ok
VCV004539182,1.314e-05,-5.23,ok
VCV004294406,6.578e-06,-1.52,ok
VCV004215103,,-2.04,ok
VCV004056259,6.841e-07,-1.11,ok
VCV003992578,,-2.47,ok
VCV003992573,,-2.72,ok
VCV003992563,,-3.37,ok
VCV003904754,,-3.88,ok
VCV003903873,,-1.49,ok
VCV003825325,,0.424,ok
VCV003825318,,-5.51,ok
VCV003778920,,1.63,ok
VCV003774437,,-4.75,ok
VCV003765082,6.842e-07,-3.84,ok
VCV003765081,,-3.77,ok
VCV003730837,,-4.81,ok
VCV003600337,,1.42,ok
VCV003481904,,-1.13,ok
VCV003481900,,-5.2,ok
VCV003481827,,0.217,ok
VCV003481797,,-2.25,ok
VCV003481776,,-2.33,ok
VCV003338486,,1.45,ok
VCV003256351,,-3.82,ok
VCV003226138,,-2.15,ok
VCV003226132,1.368e-06,-3.94,ok
VCV002691999,,-3.32,ok
VCV002687847,6.841e-07,0.721,ok
VCV002683815,,0.392,ok
VCV002683814,,2.36,ok
VCV002683812,,-2.31,ok
VCV002585842,,-3.26,ok
VCV002445711,2.052e-06,-1.58,ok
VCV002445397,,0.289,ok
VCV002445306,,0.026,ok
VCV002135737,,2.63,ok
VCV002035518,6.841e-07,-0.521,ok
VCV001797469,,-4.78,ok
VCV001796968,,-5.04,ok
VCV001794958,,-1.18,ok
VCV001784220,,-2.1,ok
VCV001773294,,0.789,ok
VCV001738154,,-3.61,ok
VCV001733143,,-0.566,ok
VCV001732593,6.841e-07,-4.24,ok
VCV001729180,,-0.45,ok
VCV001709805,,0.392,ok
VCV001708959,,-1.67,ok
VCV001687140,,2.61,ok
VCV001684697,1.368e-06,-4.52,ok
VCV001325663,,0.405,ok
VCV001325657,,1.84,ok
VCV001285144,2.052e-06,-0.665,ok
VCV001275856,6.576e-06,-2.62,ok
VCV001209888,,-2.38,ok
VCV001174984,,-0.843,ok
VCV001168433,,-5.19,ok
VCV001050740,,-1.72,ok
VCV001050301,,0.518,ok
VCV001049569,,2.6,ok
VCV001049469,,-1.05,ok
VCV000869092,,,ok
VCV000869089,6.57e-06,,ok
VCV000869028,,-1.63,ok
VCV000869023,,1.58,ok
VCV000869009,,-1.91,ok
VCV000869008,,-2.9,ok
VCV000869006,,-5.27,ok
VCV000869004,,2.63,ok
VCV000868976,,-1.8,ok
VCV000868969,,0.616,ok
VCV000868968,,0.616,ok
VCV000868956,,1.63,ok
VCV000868943,,-1.79,ok
VCV000868942,,-1.79,ok
VCV000868922,,1.48,ok
VCV000868921,,1.48,ok
VCV000868902,,-2.3,ok
VCV000868876,,2.46,ok
VCV000868875,,2.46,ok
VCV000868862,,-4.51,ok
VCV000868861,,-3.38,ok
VCV000868853,,1.39,ok
VCV000868843,,0.11,ok
VCV000868827,6.842e-07,2.61,ok
VCV000868826,,2.61,ok
VCV000868780,,,ok
VCV000868777,,,ok
VCV000868763,,2.59,ok
VCV000868725,,,ok
VCV000868702,6.844e-07,2.72,ok
VCV000868700,,-3.92,ok
VCV000868680,2.055e-06,,ok
VCV000868673,,2.72,ok
VCV000868573,,0.639,ok
VCV000868567,,-0.51,ok
VCV000868515,,1.63,ok
VCV000868483,6.84e-07,2.45,ok
VCV000868463,,-4.9,ok
VCV000868434,6.563e-06,-4.92,ok
VCV000868433,,-4.92,ok
VCV000868419,,-5.47,ok
VCV000868409,,-3.84,ok
VCV000868380,,2.79,ok
VCV000868376,,1.56,ok
VCV000868350,,1.43,ok
VCV000868346,,2.61,ok
VCV000868306,6.841e-07,2.7,ok
VCV000868230,,1.56,ok
VCV000868170,,1.76,ok
VCV000868161,,1.76,ok
VCV000868157,,1.76,ok
VCV000868146,,1.76,ok
VCV000868136,,1.76,ok
VCV000868111,,-1.96,ok
VCV000868102,,0.554,ok
VCV000868096,,-0.661,ok
VCV000868042,,-1.47,ok
VCV000868033,,2.79,ok
VCV000868026,,1.71,ok
VCV000867965,,2.7,ok
VCV000867843,6.841e-07,1.56,ok
VCV000867804,,1.76,ok
VCV000867751,,,ok
VCV000867750,,,ok
VCV000867748,,,ok
VCV000867686,,2.72,ok
VCV000867649,,2.72,ok
VCV000867639,,1.63,ok
VCV000867634,,-5.0,ok
VCV000867631,,2.72,ok
VCV000867597,,-3.78,ok
VCV000867595,,-2.57,ok
VCV000867583,,1.63,ok
VCV000867581,,-3.63,ok
VCV000867580,,-3.63,ok
VCV000867577,,0.433,ok
VCV000867544,2.053e-06,-3.27,ok
VCV000867501,,0.588,ok
VCV000867486,1.369e-06,1.76,ok
VCV000867463,,0.546,ok
VCV000867457,6.863e-07,-0.764,ok
VCV000867397,6.569e-06,2.45,ok
VCV000867392,,-4.9,ok
VCV000867382,,-4.9,ok
VCV000867356,,1.72,ok
VCV000867340,,2.43,ok
VCV000867317,,2.43,ok
VCV000867316,,0.629,ok
VCV000867299,,1.43,ok
VCV000867272,,2.43,ok
VCV000867253,,1.56,ok
VCV000865710,6.841e-07,-3.93,ok
VCV000865692,,-0.564,ok
VCV000865683,6.84e-07,-4.35,ok
VCV000865673,,-4.51,ok
VCV000865661,,-0.798,ok
VCV000865637,,-5.58,ok
VCV000865632,,-5.22,ok
VCV004687466,,1.96,ok
VCV004683788,,1.01,ok
VCV004629576,,0.034,ok
VCV004629423,,-4.18,ok
VCV004629355,6.871e-07,-2.63,ok
VCV004629302,,1.28,ok
VCV004629264,,2.45,ok
VCV004629247,,0.758,ok
VCV004629089,,-2.64,ok
VCV004629057,,2.45,ok
VCV004629013,,-4.57,ok
VCV004628997,,-2.55,ok
VCV004628767,,-4.59,ok
VCV004628581,6.842e-07,-4.5,ok
VCV004628412,1.368e-06,1.96,ok
VCV004628406,1.368e-06,0.214,ok
VCV004628351,,1.97,ok
VCV004628325,,-1.51,ok
VCV004628272,1.368e-06,1.1,ok
VCV004627937,,-1.75,ok
VCV004626636,,-4.28,ok
VCV004626202,,-0.418,ok
VCV004539221,,-2.82,ok
VCV004539216,,-4.65,ok
VCV004539145,,-0.788,ok
VCV004215929,,-3.94,ok
VCV004215927,,-0.014,ok
VCV004215923,,2.45,ok
VCV004215922,,-2.79,ok
VCV004215910,,-2.7,ok
VCV004215907,,-4.01,ok
VCV004215906,,-4.49,ok
VCV004215896,,1.52,ok
VCV004215892,,-2.53,ok
VCV004215876,,-0.405,ok
VCV001764884,,2.45,ok
VCV001764821,,2.45,ok
VCV001764459,,-4.18,ok
VCV001764232,,0.923,ok
VCV001764198,,-0.626,ok
VCV001764138,,-4.18,ok
VCV001764043,,-4.26,ok
VCV001763584,,1.97,ok
VCV001763512,,1.96,ok
VCV001763177,,1.11,ok
VCV001763171,6.841e-07,1.97,ok
VCV001763091,6.842e-07,1.97,ok
VCV001762638,,-1.31,ok
VCV001762491,,-4.65,ok
VCV001762096,,-0.483,ok
VCV001762009,,-0.647,ok
VCV001761955,,-1.74,ok
VCV001761065,,2.45,ok
VCV001761059,,2.45,ok
VCV001760509,,-4.03,ok
VCV001760404,,-1.65,ok
VCV001759631,,-1.41,ok
VCV001759289,,2.3,ok
VCV001759029,,2.3,ok
VCV001759001,,1.44,ok
VCV001758573,0.0,-2.55,ok
VCV001758457,1.369e-06,-3.12,ok
VCV001758423,0.0,-1.87,ok
VCV001757403,,-0.643,ok
VCV001755849,,-3.18,ok
VCV001755661,,-3.43,ok
VCV001754091,,-0.903,ok
VCV001752192,,1.58,ok
VCV001749822,,-4.56,ok
VCV001749615,,-1.64,ok
VCV001747811,,-4.84,ok
VCV001744513,,-1.42,ok
VCV001743239,,-4.76,ok
VCV001737670,,0.856,ok
VCV001710049,,-1.67,ok
VCV001708988,,-0.435,ok
VCV001687144,,-4.37,ok
VCV001687121,,-3.11,ok
VCV001684754,,-4.03,ok
VCV001684735,,-0.83,ok
VCV001671339,,-2.36,ok
VCV001651000,,2.45,ok
VCV001582641,1.315e-05,1.47,ok
VCV001505734,6.841e-07,2.33,ok
VCV001487627,6.842e-07,2.32,ok
VCV001484629,,1.96,ok
VCV004758197,6.845e-07,-1.24,ok
VCV004757808,,2.55,ok
VCV004553123,6.841e-07,-4.58,ok
VCV004279056,,2.47,ok
VCV004189271,,-0.052,ok
VCV004189263,,0.965,ok
VCV004189261,,2.21,ok
VCV004189258,,-2.07,ok
VCV004189250,,1.98,ok
VCV004056245,,2.21,ok
VCV003972460,,2.44,ok
VCV003972458,6.841e-07,-4.58,ok
VCV003972456,,1.27,ok
VCV003972449,,2.29,ok
VCV003972448,,0.879,ok
VCV003893309,,2.47,ok
VCV003809687,6.84e-07,-4.57,ok
VCV003809683,,1.03,ok
VCV003809674,,2.21,ok
VCV003809673,,-2.04,ok
VCV003634432,,2.21,ok
VCV003602769,,2.47,ok
VCV003460339,,0.096,ok
VCV003460336,6.841e-07,-3.96,ok
VCV003460333,,-3.98,ok
VCV003460327,,-3.96,ok
VCV003460325,,-5.1,ok
VCV003460312,,-2.85,ok
VCV003460308,,1.15,ok
VCV003460304,,-3.35,ok
VCV003460301,,2.29,ok
VCV003328171,,-3.8,ok
VCV003328169,,1.28,ok
VCV003328162,,-0.817,ok
VCV003328160,,-0.172,ok
VCV003328154,,0.392,ok
VCV003328150,,0.968,ok
VCV003256325,,0.952,ok
VCV003232058,,-3.97,ok
VCV003232047,,-3.8,ok
VCV003147994,6.841e-07,2.55,ok
VCV002795844,,0.373,ok
VCV002758378,,1.98,ok
VCV002757236,,1.5,ok
VCV002702402,,0.1,ok
VCV002683739,,0.952,ok
VCV002671888,,2.13,ok
VCV002627017,,2.21,ok
VCV002585882,,2.29,ok
VCV002585878,,-1.34,ok
VCV002578516,6.841e-07,1.26,ok
VCV002578514,,2.29,ok
VCV002575177,,0.344,ok
VCV002575170,,1.21,ok
VCV002575169,,1.53,ok
VCV002505496,,2.55,ok
VCV002502882,,2.44,ok
VCV002450759,,2.45,ok
VCV002450758,,-0.897,ok
VCV002450754,,-1.27,ok
VCV002450750,,-0.943,ok
VCV002450740,,-4.58,ok
VCV002446885,,-3.12,ok
VCV002125367,,0.1,ok
VCV001798385,,-1.08,ok
VCV001797938,,1.27,ok
VCV001796426,,2.21,ok
VCV001790705,,1.22,ok
VCV001783578,6.576e-06,-4.09,ok
VCV001781085,,-3.95,ok
VCV001778944,,-1.55,ok
VCV001778520,,-3.72,ok
VCV001775423,,1.98,ok
VCV001768732,,1.98,ok
VCV001767161,,0.014,ok
VCV001766672,,2.29,ok
VCV001766454,,-2.35,ok
VCV001765377,,-0.343,ok
VCV001761541,,2.55,ok
VCV001759844,,2.45,ok
VCV001759327,6.571e-06,0.952,ok
VCV001758655,,2.45,ok
VCV001757269,6.586e-06,2.45,ok
VCV001754112,,2.29,ok
VCV001752332,,2.29,ok
VCV001748280,,-5.09,ok
VCV001745525,,1.5,ok
VCV001744933,,0.392,ok
VCV001741120,6.843e-07,2.29,ok
VCV001737684,,-4.58,ok
VCV001737291,,1.22,ok
VCV001735669,,-4.94,ok
VCV001735082,0.0,-1.06,ok
VCV001730178,,-2.61,ok
VCV001518844,,2.45,ok
VCV001469551,,2.21,ok
VCV001172923,6.84e-07,-0.601,ok
VCV001067910,,0.459,ok
VCV001026335,,1.5,ok
VCV001019612,,0.923,ok
VCV000988617,,-3.69,ok
VCV000959232,1.368e-06,0.2,ok
VCV000953467,,2.55,ok
VCV000947223,,-2.19,ok
VCV000934410,,2.47,ok
VCV000924895,,-1.22,ok
VCV000915695,,2.55,ok
VCV000856299,6.845e-07,2.45,ok
VCV000856171,6.84e-07,0.459,ok
VCV000850008,,2.45,ok
VCV000827313,,-0.8,ok
VCV000827132,,2.45,ok
VCV000825729,0.0,0.152,ok
VCV000824998,,2.55,ok
VCV000824351,,2.47,ok
VCV000824232,,2.47,ok
VCV000823452,,-0.106,ok
VCV000822586,6.841e-07,-1.44,ok
VCV000820048,,-1.92,ok
VCV000804214,,1.46,ok
VCV000656751,,2.47,ok
VCV000634784,,2.21,ok
VCV000634773,,-1.91,ok
VCV000634770,,2.45,ok
VCV000634768,,-0.881,ok
VCV000634756,,2.45,ok
VCV000634747,,-0.65,ok
VCV000634690,0.0,2.21,ok
VCV000634682,6.841e-07,1.52,ok
VCV000584921,,2.44,ok
VCV000575702,,-2.19,ok
VCV000574679,,2.55,ok
VCV000528248,6.841e-07,1.48,ok
VCV000492752,,-1.06,ok
VCV000492650,3.97e-05,-0.81,ok
VCV000492647,1.317e-05,-0.836,ok
VCV000492646,6.574e-06,-0.758,ok
VCV000492645,6.578e-06,0.362,ok
VCV000492644,1.194e-05,0.271,ok
VCV000492638,6.932e-07,-0.899,ok
VCV000492637,2.08e-06,-0.086,ok
VCV000492635,1.972e-05,-1.51,ok
VCV000485049,,-4.58,ok
VCV000485029,,-4.58,ok
VCV000485027,6.841e-07,-0.919,ok
VCV000482223,6.84e-07,0.313,ok
VCV000480961,6.841e-07,2.45,ok
VCV000480953,,2.47,ok
VCV000480764,,2.45,ok
VCV000458566,,2.55,ok
VCV000458560,,2.45,ok
VCV000458547,0.0,1.48,ok
VCV000458545,,1.5,ok
VCV000451799,,2.27,ok
VCV000428902,,2.47,ok
VCV000428884,,2.21,ok
VCV000428879,1.368e-06,-4.58,ok
VCV000428876,,1.98,ok
VCV000428873,,2.47,ok
VCV000428867,,1.53,ok
VCV000428862,3.287e-05,-4.19,ok
VCV000420136,6.842e-07,2.45,ok
VCV000420133,6.573e-06,2.55,ok
VCV000419837,6.57e-06,1.18,ok
VCV000418517,6.84e-07,1.26,ok
VCV000406605,6.587e-06,2.45,ok
VCV000406601,2.736e-06,1.53,ok
VCV000406597,6.571e-06,-4.42,ok
VCV000406578,0.0,-5.1,ok
VCV000406577,6.574e-06,1.39,ok
VCV000406575,6.572e-06,1.28,ok
VCV000406574,,2.21,ok
VCV000406568,,0.445,ok
VCV000406564,0.0,-2.06,ok
VCV000376693,6.841e-07,-2.21,ok
VCV000376692,,2.43,ok
VCV000376691,,2.43,ok
VCV000376687,6.566e-06,2.29,ok
VCV000376686,6.586e-06,2.29,ok
VCV000376685,0.0,2.29,ok
VCV000376681,,2.29,ok
VCV000376680,,2.55,ok
VCV000376668,6.84e-07,2.55,ok
VCV000376667,,2.21,ok
VCV000376665,,0.2,ok
VCV000376663,0.0,0.159,ok
VCV000376659,,2.55,ok
VCV000376656,0.0,1.52,ok
VCV000376655,6.577e-06,2.55,ok
VCV000376652,,0.257,ok
VCV000376649,2.052e-06,1.36,ok
VCV000376643,,2.55,ok
VCV000376642,,2.55,ok
VCV000376641,,2.4,ok
VCV000376640,,1.52,ok
VCV000376637,6.841e-07,2.44,ok
VCV000376636,,2.45,ok
VCV000376633,6.84e-07,2.29,ok
VCV000376632,,2.21,ok
VCV000376631,,2.21,ok
VCV000376630,,2.21,ok
VCV000376625,6.578e-06,2.47,ok
VCV000376624,,-1.91,ok
VCV000376616,,2.29,ok
VCV000376615,0.0,2.29,ok
VCV000376612,6.572e-06,2.29,ok
VCV000376610,,2.55,ok
VCV000376607,0.0,-5.1,ok
VCV000376606,6.57e-06,2.55,ok
VCV000376605,0.0,2.55,ok
VCV000376603,6.579e-06,1.42,ok
VCV000376601,0.0,2.45,ok
VCV000376600,0.0,2.45,ok
VCV000376598,,2.55,ok
VCV000376594,,2.55,ok
VCV000376593,,2.55,ok
VCV000376589,,2.55,ok
VCV000376588,6.84e-07,2.55,ok
VCV000376586,6.574e-06,2.55,ok
VCV000376585,,2.55,ok
VCV000376582,,2.55,ok
VCV000376580,0.0,-1.92,ok
VCV000376577,0.0,2.44,ok
VCV000376576,,2.44,ok
VCV000376575,6.841e-07,2.44,ok
VCV000376574,6.841e-07,2.44,ok
VCV000376569,1.368e-06,1.48,ok
VCV000376564,,-4.94,ok
VCV000376563,,2.47,ok
VCV000376560,,2.47,ok
VCV000376559,,2.47,ok
VCV000376017,,0.318,ok
VCV000376015,6.841e-07,1.38,ok
VCV000372785,6.841e-07,2.45,ok
VCV000325650,0.02304,-0.637,ok
VCV000261002,0.001885,-1.93,ok
VCV000261001,0.3119,-3.29,ok
VCV000246416,6.84e-07,2.55,ok
VCV000246221,6.577e-06,0.084,ok
VCV000246118,,1.48,ok
VCV000245777,0.0,2.55,ok
VCV000245711,,2.55,ok
VCV000237954,,2.45,ok
VCV000237941,6.841e-07,-4.58,ok
VCV000237938,,0.923,ok
VCV000234059,1.314e-05,-1.29,ok
VCV000233951,0.0,2.55,ok
VCV000233627,,-4.42,ok
VCV000233136,6.157e-06,-2.52,ok
VCV000232497,6.841e-07,2.55,ok
VCV000231868,,1.22,ok
VCV000231485,1.231e-05,1.98,ok
VCV000231387,,-4.58,ok
VCV000231214,,1.26,ok
VCV000231165,0.0,1.21,ok
VCV000231060,6.577e-06,2.55,ok
VCV000231033,2.058e-06,2.13,ok
VCV000231015,,-1.7,ok
VCV000231008,6.573e-06,0.038,ok
VCV000230758,2.736e-06,2.55,ok
VCV000230477,1.368e-06,0.264,ok
VCV000230382,6.572e-06,-1.22,ok
VCV000230269,2.631e-05,0.197,ok
VCV000230256,0.0,2.29,ok
VCV000230253,,2.45,ok
VCV000230006,1.971e-05,-4.78,ok
VCV000229693,1.231e-05,-4.09,ok
VCV000219759,,2.43,ok
VCV000219532,,2.47,ok
VCV000216472,3.945e-05,0.313,ok
VCV000216471,1.315e-05,0.427,ok
VCV000216469,,2.45,ok
VCV000216465,,2.21,ok
VCV000216464,6.573e-06,0.855,ok
VCV000216463,2.052e-06,0.084,ok
VCV000216077,1.368e-06,1.27,ok
VCV000215997,6.576e-06,2.55,ok
VCV000215996,,-2.52,ok
VCV000188060,0.0,1.26,ok
VCV000186762,5.473e-06,-2.14,ok
VCV000186451,0.0,1.48,ok
VCV000186363,6.574e-06,-0.973,ok
VCV000185814,0.0,2.55,ok
VCV000185404,1.505e-05,-0.669,ok
VCV000185319,,2.55,ok
VCV000185212,1.368e-06,0.202,ok
VCV000185120,9.579e-06,1.09,ok
VCV000184979,6.84e-07,2.29,ok
VCV000184863,0.0,2.47,ok
VCV000184745,1.984e-05,0.933,ok
VCV000184014,2.628e-05,1.52,ok
VCV000183752,,2.55,ok
VCV000182968,,2.55,ok
VCV000182965,6.841e-07,2.29,ok
VCV000182963,,2.55,ok
VCV000182946,1.314e-05,-2.76,ok
VCV000182939,1.314e-05,0.096,ok
VCV000182937,,2.45,ok
VCV000182935,1.976e-05,2.44,ok
VCV000182928,,2.47,ok
VCV000182926,6.569e-06,2.21,ok
VCV000182925,3.425e-06,1.2,ok
VCV000182922,1.368e-06,-4.09,ok
VCV000177879,,0.952,ok
VCV000177791,6.841e-07,0.159,ok
VCV000161518,,0.317,ok
VCV000161516,0.0,2.55,ok
VCV000161515,0.0,-4.44,ok
VCV000142854,1.315e-05,-2.18,ok
VCV000142828,,0.952,ok
VCV000142766,6.571e-06,2.55,ok
VCV000142714,6.581e-06,2.45,ok
VCV000142657,0.0,0.379,ok
VCV000142624,6.57e-06,2.55,ok
VCV000142562,1.026e-05,-3.4,ok
VCV000142536,0.0,0.923,ok
VCV000142431,6.567e-06,0.113,ok
VCV000142386,9.206e-05,-2.53,ok
VCV000142332,6.573e-06,2.45,ok
VCV000142320,1.314e-05,0.152,ok
VCV000142273,3.94e-05,1.98,ok
VCV000142003,0.0002561,-3.96,ok
VCV000141963,6.573e-06,1.48,ok
VCV000141893,1.315e-05,-0.833,ok
VCV000141764,2.053e-06,2.55,ok
VCV000141597,,-1.88,ok
VCV000141566,,2.55,ok
VCV000141547,6.572e-06,-2.85,ok
VCV000141483,2.627e-05,-3.31,ok
VCV000141425,8.893e-06,1.28,ok
VCV000141359,3.941e-05,-5.1,ok
VCV000141228,1.973e-05,2.38,ok
VCV000141224,,2.45,ok
VCV000141159,2.053e-06,-0.129,ok
VCV000141141,,2.55,ok
VCV000141102,0.0001708,2.29,ok
VCV000141101,1.37e-06,2.21,ok
VCV000141056,1.368e-06,-2.67,ok
VCV000140833,6.576e-06,-1.76,ok
VCV000140821,,-1.2,ok
VCV000140801,2.052e-06,2.47,ok
VCV000140786,0.0002692,2.21,ok
VCV000140782,6.577e-06,-4.58,ok
VCV000135948,1.315e-05,-0.973,ok
VCV000135361,0.0001052,-0.899,ok
VCV000135360,4.598e-05,-1.28,ok
VCV000135359,2.736e-06,1.26,ok
VCV000132973,1.368e-06,-3.25,ok
VCV000127826,6.572e-06,2.29,ok
VCV000127825,0.0001314,-5.1,ok
VCV000127824,8.547e-05,0.31,ok
VCV000127823,1.316e-05,1.53,ok
VCV000127821,0.000224,2.45,ok
VCV000127820,0.0,1.39,ok
VCV000127819,6.573e-06,2.29,ok
VCV000127817,,1.26,ok
VCV000127816,6.571e-06,2.29,ok
VCV000127815,6.568e-06,2.55,ok
VCV000127814,6.575e-06,0.355,ok
VCV000127808,5.91e-05,-4.42,ok
VCV000127806,3.944e-05,-4.58,ok
VCV000100816,,-0.973,ok
VCV000100815,6.579e-06,2.45,ok
VCV000080708,5.478e-06,1.98,ok
VCV000043594,0.0,1.52,ok
VCV000043588,0.004586,-3.81,ok
VCV000043587,,0.952,ok
VCV000012384,0.0,1.54,ok
VCV000012383,,2.29,ok
VCV000012379,1.315e-05,0.952,ok
VCV000012376,,2.47,ok
VCV000012375,6.841e-07,1.98,ok
VCV000012374,6.57e-06,2.55,ok
VCV000012370,,2.4,ok
VCV000012369,0.0,2.4,ok
VCV000012368,,2.55,ok
VCV000012366,1.971e-05,2.55,ok
VCV000012365,6.581e-06,2.45,ok
VCV000012364,6.578e-06,-1.2,ok
VCV000012359,0.0,0.159,ok
VCV000012358,,2.55,ok
VCV000012357,,2.47,ok
VCV000012356,1.974e-05,2.45,ok
VCV000012355,6.579e-06,1.42,ok
VCV000012354,6.583e-06,2.44,ok
VCV000012353,0.0,-0.669,ok
VCV000012352,,-4.89,ok
VCV000012351,0.6268,1.09,ok
VCV000012349,,2.45,ok
VCV000012348,0.0,2.43,ok
VCV000012347,0.0,0.257,ok
VCV001773975,,-0.583,ok
VCV003481929,,-0.824,ok
VCV002098802,,2.26,ok
VCV003261646,,-1.14,ok
VCV001794778,,-2.88,ok
VCV003778940,,1.13,ok
VCV003261634,1.314e-05,-1.16,ok
VCV003482150,,-0.06,ok
VCV003228790,,-0.266,ok
VCV004215289,,-0.212,ok
VCV002004176,,-2.99,ok
VCV003261554,,1.11,ok
VCV003992858,,1.12,ok
VCV003261535,1.37e-06,1.12,ok
VCV003256252,,-4.57,ok
VCV003992851,,2.28,ok
VCV003261604,1.314e-05,-0.833,ok
VCV003482019,,-3.94,ok
VCV004215254,,-4.59,ok
VCV004215272,,-4.02,ok
VCV003261629,,-2.74,ok
VCV003992799,,-1.41,ok
VCV003482145,,-0.702,ok
VCV003825385,,-4.12,ok
VCV004215151,,-4.5,ok
VCV003482026,,-0.038,ok
VCV003225537,,-4.59,ok
VCV002586289,,-4.59,ok
VCV001782985,6.892e-07,-4.35,ok
VCV003765267,,0.83,ok
VCV004215870,,-4.3,ok
VCV001786435,,-2.51,ok
VCV001788306,,-4.61,ok
VCV003482183,,-1.45,ok
VCV001792567,,-0.287,ok
VCV001794947,,-2.33,ok
VCV003261616,,-2.67,ok
VCV004215251,,-4.38,ok
VCV002451475,,-2.57,ok
VCV003992681,,-1.28,ok
VCV003992836,,-0.892,ok
VCV003226173,,-1.86,ok
VCV004215290,,2.05,ok
VCV003482027,,-0.633,ok
VCV003992852,6.841e-07,-2.3,ok
VCV002683818,6.841e-07,-4.12,ok
VCV003992746,,0.068,ok
VCV003992854,,-1.75,ok
VCV003261607,,-4.43,ok
VCV002692042,,0.472,ok
VCV003778936,,2.15,ok
VCV003992705,6.861e-07,-3.99,ok
VCV003261551,,-0.233,ok
VCV003226456,,-3.12,ok
VCV003481988,,-4.24,ok
VCV003825377,,-1.16,ok
VCV003482156,,-0.301,ok
VCV003336564,,-1.16,ok
VCV003226569,0.0,-0.075,ok
VCV002920722,,-4.63,ok
VCV003992843,,0.478,ok
VCV003765271,1.373e-06,1.45,ok
VCV003765270,,1.45,ok
VCV003482138,,0.681,ok
VCV004215850,,-1.19,ok
VCV003992878,6.569e-06,1.29,ok
VCV003482136,,-2.78,ok
VCV003765272,,-3.22,ok
VCV003778939,,2.45,ok
VCV004215863,,-3.0,ok
VCV003825379,6.841e-07,-0.565,ok
VCV003992790,,-4.77,ok
VCV003261547,,-2.95,ok
VCV002683820,,-2.95,ok
VCV002683738,,-3.49,ok
VCV003482194,,-4.65,ok
VCV003481972,,-2.92,ok
VCV003227222,,0.075,ok
VCV003261615,,0.043,ok
VCV003261556,6.857e-07,-3.99,ok
VCV003992817,,2.41,ok
VCV003482033,,-1.29,ok
VCV002683821,,-0.553,ok
VCV003482212,,-3.96,ok
VCV002683822,,-1.78,ok
VCV002683823,,-2.0,ok
VCV004215287,,-3.55,ok
VCV003825442,,-4.48,ok
VCV002920723,,-3.43,ok
VCV002692059,,-0.481,ok
VCV004082323,,0.842,ok
VCV002692060,,-0.486,ok
VCV002692062,,2.45,ok
VCV003825447,,-3.15,ok
VCV003256255,,-4.28,ok
VCV002451523,,-3.69,ok
VCV004082324,,-0.487,ok
VCV002574094,,2.31,ok
VCV002000815,,-4.02,ok
VCV003774432,,-4.9,ok
VCV003992811,6.574e-06,-0.395,ok
VCV003228404,,-3.96,ok
VCV003992762,,1.43,ok
VCV003992698,,0.467,ok
VCV003261515,,2.3,ok
VCV002451545,,-2.58,ok
VCV003825450,,0.544,ok
VCV003992753,,1.44,ok
VCV003992707,,-0.99,ok
VCV003992855,,1.15,ok
VCV003992775,,-0.445,ok
VCV003482114,,0.41,ok
VCV003228853,,-3.23,ok
VCV003261630,,2.45,ok
VCV002560930,,2.45,ok
VCV002130148,,2.45,ok
VCV002578326,,2.45,ok
VCV002560953,,2.45,ok
VCV002586259,,-1.49,ok
VCV003992665,,0.999,ok
VCV003481942,,0.988,ok
VCV002451547,,-0.303,ok
VCV002566024,,-0.565,ok
VCV003482112,,0.395,ok
VCV002586302,6.841e-07,-4.65,ok
VCV002058629,,2.33,ok
VCV002565997,,-4.65,ok
VCV003482010,,-0.498,ok
VCV003825475,,-4.65,ok
VCV003229226,,2.33,ok
VCV003229257,6.843e-07,1.97,ok
VCV002565978,,-3.6,ok
VCV003261638,,-3.94,ok
VCV003229281,,1.96,ok
VCV003261503,,2.13,ok
VCV003992662,,2.13,ok
VCV002468038,,2.13,ok
VCV003992784,,-4.18,ok
VCV003992776,,0.306,ok
VCV003992856,,0.923,ok
VCV003482095,,2.09,ok
VCV003229407,,2.09,ok
VCV002451481,,2.09,ok
VCV003992773,,-3.17,ok
VCV002565957,,2.09,ok
VCV004071408,,2.09,ok
VCV002586281,,-1.34,ok
VCV003261609,,-4.8,ok
VCV003261637,,-1.17,ok
VCV003261570,,2.45,ok
VCV001764893,,2.45,ok
VCV003261595,,-0.528,ok
VCV001765160,6.568e-06,1.29,ok
VCV002586266,,-0.027,ok
VCV004215273,,-1.34,ok
VCV003992667,,0.976,ok
VCV001765242,6.857e-07,-4.9,ok
VCV003261636,,2.45,ok
VCV003261538,,-1.8,ok
VCV001765692,,-1.79,ok
VCV003992835,,-3.87,ok
VCV003992792,,-0.045,ok
VCV001765893,,-0.012,ok
VCV002565970,,-3.2,ok
VCV001766015,,1.43,ok
VCV001766018,,-1.59,ok
VCV003992748,,-4.64,ok
VCV003481944,,-4.64,ok
VCV002586292,,0.567,ok
VCV003376536,,2.32,ok
VCV002565960,,-2.73,ok
VCV001766307,,2.32,ok
VCV003229883,,-4.64,ok
VCV002566001,,2.45,ok
VCV003229931,,-1.47,ok
VCV001766432,,1.59,ok
VCV001766554,,0.09,ok
VCV003230019,,1.29,ok
VCV001766690,,2.45,ok
VCV003481999,,0.603,ok
VCV001766756,,1.29,ok
VCV003261517,,2.45,ok
VCV003825453,,0.674,ok
VCV003992741,,-2.6,ok
VCV003992866,,-4.56,ok
VCV003992772,,-2.92,ok
VCV003261573,,0.992,ok
VCV003825457,,-1.28,ok
VCV004215874,,1.46,ok
VCV004082326,,-4.54,ok
VCV003482020,,-2.88,ok
VCV003482077,,-2.67,ok
VCV001768781,,-4.65,ok
VCV003248649,,2.33,ok
VCV003992795,,1.17,ok
VCV003825364,1.368e-06,-4.07,ok
VCV002566046,,-4.65,ok
VCV004215853,,-3.08,ok
VCV002683807,,0.816,ok
VCV003482049,,-1.74,ok
